group,angle_id_6,angle_id_7,max_rpm_id_0,max_rpm_id_1,influence,baseline,bias,baseline_corrected,influence_corrected,absolute_influence,relative_influence
1,-1.8759987855676297,7.015776608065849e-05,5800.0,5800.0,-8.393177558481693,-8.613880678682298,-0.891880742364696,-7.7219999363176015,-7.501296816116996,0.22070312020060534,-2.858108288276577
2,-1.7456104185973502,7.015776608065849e-05,5800.0,5800.0,-7.974673090485943,-8.514504236812364,-0.8581274937846114,-7.656376743027753,-7.116545596701332,0.5398311463264207,-7.050739069469324
3,-1.613688070839185,7.015776608065849e-05,5800.0,5800.0,-7.874299139983883,-8.480049163975975,-0.835202133399615,-7.6448470305763605,-7.039097006584268,0.6057500239920923,-7.923638256845848
4,-1.4832997038689055,7.015776608065849e-05,5800.0,5800.0,-7.641533906457015,-8.408647196989563,-0.7798278860238315,-7.628819310965731,-6.861706020433184,0.7671132905325475,-10.055465456232424
5,-1.352911336898626,7.015776608065849e-05,5800.0,5800.0,-7.850104058935003,-8.494914191180863,-0.778896490123063,-7.7160177010578,-7.07120756881194,0.6448101322458601,-8.356773626341761
6,-1.2209889891404608,7.015776608065849e-05,5800.0,5800.0,-8.109850261101585,-8.621388427028313,-0.7618069700212823,-7.859581457007031,-7.348043291080303,0.5115381659267282,-6.508465733511522
7,-1.0906006221701814,7.015776608065849e-05,5800.0,5800.0,-8.362318032624705,-8.454258682201434,-0.7774942808663817,-7.676764401335053,-7.584823751758323,0.09194064957672943,-1.1976484462743209
8,-0.960212255199902,7.015776608065849e-05,5800.0,5800.0,-8.480101362327282,-8.594496664287147,-0.7556852701081673,-7.83881139417898,-7.724416092219115,0.11439530195986514,-1.4593449976971495
9,-0.8282899074417367,7.015776608065849e-05,5800.0,5800.0,-8.542861854438438,-8.500644105035555,-0.7602490671896345,-7.7403950378459205,-7.782612787248804,-0.0422177494028837,0.5454211212278449
10,-1.963435690477111,0.0875070626755623,5800.0,5800.0,-8.140343045425563,-8.44750802255859,-0.7191831946048038,-7.728324827953787,-7.42115985082076,0.30716497713302715,-3.9745350250030134
11,-1.826911400355289,0.0875070626755623,5800.0,5800.0,-7.885308112390193,-8.38563270093989,-0.6618592752547491,-7.723773425685141,-7.223448837135444,0.500324588549697,-6.477722234651329
12,-1.690387110233467,0.0875070626755623,5800.0,5800.0,-7.670549613995305,-8.44026949626474,-0.6423799733073681,-7.797889522957372,-7.028169640687937,0.7697198822694356,-9.870874420615246
13,-1.553862820111645,0.0875070626755623,5800.0,5800.0,-7.541574116670097,-8.334373054061968,-0.6377133537227144,-7.696659700339254,-6.903860762947383,0.7927989373918702,-10.300558531344775
14,-1.4173385299898231,0.0875070626755623,5800.0,5800.0,-7.835405463936657,-8.402844373495661,-0.6253706131754745,-7.777473760320187,-7.210034850761183,0.5674389095590042,-7.295928305846751
15,-1.2823482206558867,0.0875070626755623,5800.0,5800.0,-7.936293422435382,-8.502357746060953,-0.6147906465948202,-7.887567099466133,-7.321502775840561,0.5660643236255716,-7.176665713105444
16,-1.1458239305340645,0.0875070626755623,5800.0,5800.0,-8.201492720856407,-8.42894461039057,-0.6138148999531297,-7.81512971043744,-7.587677820903278,0.22745188953416218,-2.91040453532576
17,-1.0092996404122423,0.0875070626755623,5800.0,5800.0,-8.321780459086101,-8.475262238467291,-0.5801741579325712,-7.89508808053472,-7.74160630115353,0.15348177938119,-1.9440160491635068
18,-0.8727753502904205,0.0875070626755623,5800.0,5800.0,-8.314967162686967,-8.470108310673444,-0.5917816927059086,-7.878326617967535,-7.7231854699810585,0.15514114798647682,-1.9692144729396917
19,-2.006387152537909,0.1749439675850439,5800.0,5800.0,-8.117063357301152,-8.448565915941753,-0.5868045794411789,-7.8617613365005745,-7.530258777859974,0.33150255864060085,-4.216644902478802
20,-1.8713968432039727,0.1749439675850439,5800.0,5800.0,-7.853556397661234,-8.480663566274417,-0.5263777574591524,-7.954285808815265,-7.3271786402020815,0.6271071686131835,-7.88389031631473
21,-1.7348725530821507,0.1749439675850439,5800.0,5800.0,-7.476289534403282,-8.307424080031979,-0.48842305324906193,-7.819001026782916,-6.98786648115422,0.8311345456286965,-10.629676895830542
22,-1.5983482629603287,0.1749439675850439,5800.0,5800.0,-7.593356345550359,-8.373016264882718,-0.4710553394194839,-7.901960925463234,-7.122301006130875,0.7796599193323592,-9.86666381530675
23,-1.4618239728385063,0.1749439675850439,5800.0,5800.0,-7.693378527617035,-8.309710654445926,-0.477972922289894,-7.831737732156032,-7.215405605327141,0.6163321268288913,-7.8696727074799355
24,-1.3252996827166843,0.1749439675850439,5800.0,5800.0,-7.9491752003480185,-8.347813942515906,-0.5334212494785753,-7.81439269303733,-7.415753950869443,0.3986387421678872,-5.101340025093397
25,-1.1887753925948623,0.1749439675850439,5800.0,5800.0,-8.2050590157696,-8.24902893182878,-0.4875051265518317,-7.761523805276949,-7.7175538892177675,0.0439699160591811,-0.566511385680304
26,-1.0522511024730403,0.1749439675850439,5800.0,5800.0,-8.385098225883718,-8.307118568845583,-0.4927671343963533,-7.81435143444923,-7.892331091487365,-0.07797965703813503,0.9979031234040113
27,-0.915726812351218,0.1749439675850439,5800.0,5800.0,-8.229889368313795,-8.405365523713101,-0.5092796280545485,-7.896085895658553,-7.720609740259247,0.1754761553993056,-2.2223182183945895
28,-2.0938240574473905,0.2623808724945253,5800.0,5800.0,-8.146523774645798,-8.352878697432917,-0.4893297356570736,-7.863548961775844,-7.657194038988725,0.20635492278711887,-2.624195815276227
29,-1.952697824961912,0.2623808724945253,5800.0,5800.0,-7.894256808236241,-8.46244756622787,-0.4820715072118198,-7.980376059016051,-7.412185301024421,0.5681907579916299,-7.119849412982244
30,-1.810037611688547,0.2623808724945253,5800.0,5800.0,-7.530933290394532,-8.432434943938793,-0.4362258777923065,-7.996209066146486,-7.094707412602225,0.901501653544261,-11.274113096428962
31,-1.668911379203068,0.2623808724945253,5800.0,5800.0,-7.879810493838522,-8.320163624167938,-0.42036843294293347,-7.899795191225004,-7.459442060895588,0.4403531303294157,-5.574234770270432
32,-1.527785146717589,0.2623808724945253,5800.0,5800.0,-8.088143960774293,-8.334682045141196,-0.42650494522296184,-7.908177099918235,-7.661639015551331,0.24653808436690383,-3.1175083872293765
33,-1.3851249334442244,0.2623808724945253,5800.0,5800.0,-7.995305016327502,-8.353185339520374,-0.44617623088280123,-7.907009108637573,-7.549128785444701,0.3578803231928722,-4.5261149731309365
34,-1.2439987009587457,0.2623808724945253,5800.0,5800.0,-8.156658975809801,-8.319051919686009,-0.45760009488110076,-7.861451824804909,-7.699058880928701,0.16239294387620795,-2.0656864342005674
35,-1.101338487685381,0.2623808724945253,5800.0,5800.0,-8.289847900256252,-8.314884205897112,-0.464966164485847,-7.849918041411265,-7.824881735770405,0.025036305640860235,-0.3189371597102584
36,-0.960212255199902,0.2623808724945253,5800.0,5800.0,-8.355909867145343,-8.165144201858059,-0.5128265216866581,-7.652317680171401,-7.843083345458685,-0.19076566528728378,2.4929135624046768
37,-2.1383095002960744,0.3498177774040067,5800.0,5800.0,-8.228484834383611,-8.397945247260527,-0.4868528810495352,-7.911092366210991,-7.741631953334076,0.1694604128769157,-2.1420608562313954
38,-1.9956492870227096,0.3498177774040067,5800.0,5800.0,-7.936074375643493,-8.355373179305998,-0.44488760137891503,-7.910485577927083,-7.491186774264578,0.41929880366250494,-5.300544442334738
39,-1.8545230545372309,0.3498177774040067,5800.0,5800.0,-7.520435090385612,-8.421394119122375,-0.43416686393583914,-7.987227255186536,-7.086268226449773,0.9009590287367626,-11.279997425285746
40,-1.711862841263866,0.3498177774040067,5800.0,5800.0,-8.081254896857859,-8.344039254341707,-0.4204734394233052,-7.923565814918402,-7.660781457434553,0.26278435748384865,-3.3164911306609097
41,-1.570736608778387,0.3498177774040067,5800.0,5800.0,-8.049980629356998,-8.43072428856807,-0.41287053148583597,-8.017853757082234,-7.637110097871163,0.38074365921107134,-4.748697977619727
42,-1.4296103762929082,0.3498177774040067,5800.0,5800.0,-8.124070689999677,-8.433489868148259,-0.43538992079489813,-7.998099947353361,-7.688680769204779,0.3094191781485822,-3.8686585587239586
43,-1.2869501630195432,0.3498177774040067,5800.0,5800.0,-8.220267505749412,-8.308810232825468,-0.4491868121018966,-7.859623420723572,-7.771080693647515,0.0885427270760566,-1.1265517740022357
44,-1.1458239305340645,0.3498177774040067,5800.0,5800.0,-8.30244828355504,-8.27232556693298,-0.4393781334019609,-7.832947433531018,-7.86307015015308,-0.030122716622061674,0.3845642636782338
45,-1.0031637172607,0.3498177774040067,5800.0,5800.0,-8.301020251338777,-8.363410372195986,-0.5429385085399796,-7.820471863656007,-7.758081742798797,0.0623901208572093,-0.7977794939350684
46,-2.225746405205556,0.4357207015256028,5800.0,5800.0,-8.30882198778171,-8.40296121745902,-0.5293030528665373,-7.873658164592482,-7.779518934915173,0.09413922967730848,-1.1956225138227201
47,-2.0784842495685343,0.4357207015256028,5800.0,5800.0,-8.095588617736247,-8.564725154282211,-0.5481062570349945,-8.016618897247216,-7.5474823607012524,0.4691365365459639,-5.852049879869656
48,-1.9312220939315128,0.4357207015256028,5800.0,5800.0,-7.838941326607829,-8.572956620295024,-0.5366505549099121,-8.036306065385112,-7.302290771697917,0.7340152936871949,-9.133739901331394
49,-1.783959938294491,0.4357207015256028,5800.0,5800.0,-8.397590508985838,-8.62269079344259,-0.5209053975602933,-8.101785395882297,-7.8766851114255445,0.22510028445675268,-2.778403443902119
50,-1.6366977826574698,0.4357207015256028,5800.0,5800.0,-8.522991946426748,-8.306642075876395,-0.5510350109961045,-7.755607064880291,-7.971956935430644,-0.21634987055035282,2.789592984023775
51,-1.4894356270204483,0.4357207015256028,5800.0,5800.0,-8.357022118952814,-8.321785844707884,-0.5427292686028605,-7.779056576105024,-7.814292850349954,-0.035236274244930144,0.4529633368802796
52,-1.3421734713834264,0.4357207015256028,5800.0,5800.0,-8.248522222369324,-8.577423360612658,-0.5350437855059825,-8.042379575106676,-7.713478436863341,0.3289011382433342,-4.089599790357714
53,-1.1949113157464049,0.4357207015256028,5800.0,5800.0,-8.193200775807005,-8.49721608472907,-0.5452233826330889,-7.951992702095981,-7.647977393173917,0.3040153089220645,-3.82313365103985
54,-1.0476491601093834,0.4357207015256028,5800.0,5800.0,-8.325786757848501,-8.517081560478509,-0.6822594682771138,-7.834822092201395,-7.643527289571387,0.19129480263000787,-2.441597274051933
55,-2.268697867266354,0.5231576064350842,5800.0,5800.0,-8.325453939115404,-8.544272782210552,-0.6495355704011722,-7.89473721180938,-7.675918368714232,0.2188188430951481,-2.771705216075171
56,-2.127571634780874,0.5231576064350842,5800.0,5800.0,-8.197057480756412,-8.537594129884399,-0.6418053584851302,-7.8957887713992685,-7.555252122271281,0.3405366491279871,-4.312889554005105
57,-1.98491142150751,0.5231576064350842,5800.0,5800.0,-8.097330869416568,-8.497859970728557,-0.6170411240493165,-7.88081884667924,-7.480289745367251,0.4005291013119887,-5.082328487740339
58,-1.8437851890220311,0.5231576064350842,5800.0,5800.0,-8.547228327566096,-8.519768926086186,-0.6415019839831487,-7.878266942103037,-7.905726343582947,-0.027459401479909218,0.34854621811759984
59,-1.7011249757486666,0.5231576064350842,5800.0,5800.0,-8.692743003904937,-8.356773206237488,-0.636662786882835,-7.720110419354653,-8.056080217022101,-0.33596979766744806,4.351878139270614
60,-1.5599987432631877,0.5231576064350842,5800.0,5800.0,-8.530692407861352,-8.583835387604399,-0.650436789602796,-7.933398598001602,-7.8802556182585555,0.053142979743046936,-0.669863981830353
61,-1.4173385299898231,0.5231576064350842,5800.0,5800.0,-8.469200327773812,-8.464633197258738,-0.6495277728401905,-7.815105424418547,-7.8196725549336215,-0.004567130515074069,0.05843978125751091
62,-1.276212297504344,0.5231576064350842,5800.0,5800.0,-8.220462619378386,-8.490903758157407,-0.6793296674291393,-7.811574090728267,-7.541132951949247,0.2704411387790202,-3.462056886844521
63,-1.1350860650188648,0.5231576064350842,5800.0,5800.0,-8.308489520198558,-8.622509381437549,-0.7777301306808144,-7.844779250756734,-7.530759389517743,0.3140198612389913,-4.002915202600504
64,-2.268697867266354,0.6105945113445657,5800.0,5800.0,-8.42420915877178,-8.69851953750192,-0.7628600604150363,-7.935659477086883,-7.661349098356743,0.2743103787301404,-3.4566803114747255
65,-2.1383095002960744,0.6105945113445657,5800.0,5800.0,-8.217159786609688,-8.597226221939199,-0.762914342651481,-7.834311879287718,-7.454245443958207,0.38006643532951045,-4.851305911554615
66,-2.006387152537909,0.6105945113445657,5800.0,5800.0,-8.317473219209113,-8.649152232373314,-0.7506803158045949,-7.898471916568719,-7.566792903404518,0.33167901316420156,-4.199280780734746
67,-1.8759987855676297,0.6105945113445657,5800.0,5800.0,-8.761499342263914,-8.719088248970095,-0.7335791572712682,-7.985509091698827,-8.027920184992645,-0.042411093293818425,0.5311006825839822
68,-1.7456104185973502,0.6105945113445657,5800.0,5800.0,-8.663659777039896,-8.706380945444106,-0.7393085598939892,-7.967072385550117,-7.924351217145907,0.04272116840420992,-0.5362216675938997
69,-1.613688070839185,0.6105945113445657,5800.0,5800.0,-8.655118256258245,-8.593829270715041,-0.7424819489386966,-7.851347321776345,-7.9126363073195485,-0.06128898554320372,0.7806174282115094
70,-1.4832997038689055,0.6105945113445657,5800.0,5800.0,-8.644525454523398,-8.582565798391132,-0.7370594536487651,-7.8455063447423665,-7.907466000874633,-0.061959656132266616,0.7897470655133512
71,-1.352911336898626,0.6105945113445657,5800.0,5800.0,-8.45573165088188,-8.594052329483072,-0.7530639120906983,-7.840988417392373,-7.702667738791182,0.13832067860119146,-1.7640719669267395
72,-1.2209889891404608,0.6105945113445657,5800.0,5800.0,-8.268595241803174,-8.628030772043891,-0.8696205378912542,-7.758410234152636,-7.39897470391192,0.3594355302407166,-4.632850279796704
73,-2.313183310115037,0.6980314162540475,5800.0,5800.0,-8.502430946465248,-8.76172618251013,-0.8639900429376975,-7.897736139572432,-7.638440903527551,0.25929523604488125,-3.28315901496956
74,-2.1812609623568724,0.6980314162540475,5800.0,5800.0,-8.22532952889999,-8.589025146355901,-0.8433117449213459,-7.745713401434555,-7.382017783978645,0.3636956174559103,-4.695443771371035
75,-2.0508725953865925,0.6980314162540475,5800.0,5800.0,-8.482327573111721,-8.74015771771509,-0.8031672891298015,-7.93699042858529,-7.67916028398192,0.2578301446033695,-3.24846233497759
76,-1.9204842284163133,0.6980314162540475,5800.0,5800.0,-8.759874906797062,-8.691028672030336,-0.798821848325842,-7.892206823704495,-7.9610530584712205,-0.0688462347667258,0.8723318623625517
77,-1.788561880658148,0.6980314162540475,5800.0,5800.0,-8.870225627241078,-8.765429014523333,-0.8228078597658753,-7.9426211547574574,-8.047417767475203,-0.10479661271774532,1.3194210157559185
78,-1.6581735136878688,0.6980314162540475,5800.0,5800.0,-8.800409606025543,-8.717160790894113,-0.8403178710910905,-7.876842919803022,-7.960091734934452,-0.08324881513143012,1.0568804783720627
79,-1.527785146717589,0.6980314162540475,5800.0,5800.0,-8.54545753077826,-8.773936117792728,-0.8584595422307224,-7.915476575562005,-7.686997988547537,0.2284785870144681,-2.886479226277616
80,-1.395862798959424,0.6980314162540475,5800.0,5800.0,-8.459583510828258,-8.796738262671928,-0.8981285182489175,-7.898609744423011,-7.561454992579341,0.33715475184366994,-4.268532852654552
81,-1.2654744319891449,0.6980314162540475,5800.0,5800.0,-8.408651384127317,-8.861395914074798,-1.0310504413063422,-7.830345472768456,-7.377600942820975,0.4527445299474806,-5.781922796663155
82,-2.313183310115037,0.7854683211635289,5800.0,5800.0,-8.520901547289752,-8.785483022695756,-1.0023770862513752,-7.783105936444381,-7.518524461038377,0.2645814754060041,-3.3994330485353124
83,-2.1873968855084147,0.7854683211635289,5800.0,5800.0,-8.52762959965357,-8.931068789946677,-1.0222167108186362,-7.908852079128041,-7.505412888834934,0.40343919029310626,-5.101109317214412
84,-2.061610460901792,0.7854683211635289,5800.0,5800.0,-8.806129261409623,-8.91785111127892,-1.0296679163228506,-7.888183194956069,-7.776461345086773,0.11172184986929601,-1.416319158773267
85,-1.9358240362951695,0.7854683211635289,5800.0,5800.0,-9.003414799843535,-8.942256447666622,-0.9993649789914296,-7.942891468675192,-8.004049820852105,-0.061158352176912345,0.7699759265011467
86,-1.810037611688547,0.7854683211635289,5800.0,5800.0,-9.177353366587827,-9.002446935196554,-1.0039780888814,-7.998468846315154,-8.173375277706427,-0.17490643139127293,2.186748923474913
87,-1.68578516786981,0.7854683211635289,5800.0,5800.0,-8.979568027624039,-8.845716862978703,-1.0124547571787736,-7.833262105799929,-7.967113270445265,-0.13385116464533553,1.7087538095556514
88,-1.5599987432631877,0.7854683211635289,5800.0,5800.0,-8.737174681148566,-8.858877050020693,-1.0121310172347564,-7.846746032785937,-7.7250436639138105,0.1217023688721266,-1.550991562153528
89,-1.4342123186565652,0.7854683211635289,5800.0,5800.0,-8.638453871964108,-8.909291046627867,-1.0264903205832356,-7.882800726044632,-7.611963551380873,0.27083717466375923,-3.435798824254406
90,-2.0938240574473905,0.8729052260730104,5800.0,5800.0,-9.02227635597283,-9.10967002126629,-1.1995379201513228,-7.910132101114967,-7.822738435821507,0.08739366529345993,-1.1048319317087185
91,-1.963435690477111,0.8729052260730104,5800.0,5800.0,-9.10753021874052,-9.207845292379224,-1.150137468620583,-8.05770782375864,-7.957392750119936,0.10031507363870418,-1.244957943782959
92,-1.833047323506832,0.8729052260730104,5800.0,5800.0,-9.005703887050403,-9.13861339540447,-1.14374712106427,-7.9948662743401995,-7.861956765986133,0.13290950835406612,-1.6624356655050478
93,-1.7011249757486666,0.8729052260730104,5800.0,5800.0,-9.011709254265199,-9.064543721567444,-1.1394577886472115,-7.925085932920233,-7.872251465617987,0.052834467302245613,-0.6666737464987612
94,-1.570736608778387,0.8729052260730104,5800.0,5800.0,-8.773548912370195,-9.06301645584428,-1.161589244399717,-7.901427211444564,-7.611959667970479,0.28946754347408543,-3.6634842760408604
95,-1.4403482418081075,0.8729052260730104,5800.0,5800.0,-8.685451349520813,-8.926201639076075,-1.1527836436365606,-7.773417995439514,-7.532667705884252,0.2407502895552618,-3.0970969230846
96,-1.3084258940499425,0.8729052260730104,5800.0,5800.0,-8.73560358997816,-9.109574419057036,-1.300599096591274,-7.808975322465763,-7.435004493386886,0.3739708290788766,-4.788987205568368
97,-2.3561347721758352,0.9603421309824922,5800.0,5800.0,-9.010209420027445,-9.217121926513878,-1.3168258771152626,-7.900296049398615,-7.693383542912183,0.20691250648643233,-2.6190475039499677
98,-2.2303483475692127,0.9603421309824922,5800.0,5800.0,-8.928127484377256,-9.2050684971839,-1.3035942210108822,-7.901474276173018,-7.6245332633663745,0.2769410128066436,-3.504928360543579
99,-2.1045619229625903,0.9603421309824922,5800.0,5800.0,-8.908432802797149,-9.130175959800695,-1.325932043256814,-7.804243916543881,-7.582500759540335,0.2217431570035462,-2.8413150508210334
100,-1.9803094791438527,0.9603421309824922,5800.0,5800.0,-8.948367338258377,-9.1727729403357,-1.3058677936125103,-7.866905146723189,-7.642499544645867,0.22440560207732219,-2.852527110623599
101,-1.8545230545372309,0.9603421309824922,5800.0,5800.0,-8.983662384579219,-9.179599106742378,-1.2757183171689108,-7.903880789573467,-7.707944067410308,0.19593672216315916,-2.4789938940075142
102,-1.7287366299306082,0.9603421309824922,5800.0,5800.0,-8.95813632077275,-9.099347987036774,-1.3006836781123032,-7.7986643089244705,-7.657452642660447,0.1412116662640237,-1.810716049188409
103,-1.6029502053239857,0.9603421309824922,5800.0,5800.0,-8.855557087631727,-9.282490728786156,-1.2901650989015319,-7.992325629884624,-7.565391988730195,0.4269336411544291,-5.341794878302428
104,-1.4786977615052486,0.9603421309824922,5800.0,5800.0,-8.718916981935594,-9.230519114611406,-1.3104494636155497,-7.920069650995856,-7.408467518320045,0.5116021326758116,-6.45956607984481
105,-1.352911336898626,0.9603421309824922,5800.0,5800.0,-9.047210786213189,-9.155633847287241,-1.4595090350553868,-7.696124812231854,-7.587701751157802,0.10842306107405264,-1.408800710998478
106,-2.3561347721758352,1.0477790358919736,5800.0,5800.0,-9.211859949882115,-9.352184229944424,-1.465362826336262,-7.886821403608161,-7.746497123545852,0.14032428006230901,-1.7792247710606417
107,-2.236484270720755,1.0477790358919736,5800.0,5800.0,-9.174176096684725,-9.303260875968974,-1.4764717873998272,-7.8267890885691465,-7.697704309284898,0.12908477928424844,-1.649268656961434
108,-2.116833769265676,1.0477790358919736,5800.0,5800.0,-9.039343511264148,-9.370538148191786,-1.475127591995573,-7.895410556196213,-7.564215919268575,0.33119463692763773,-4.194774097817125
109,-1.9956492870227096,1.0477790358919736,5800.0,5800.0,-9.055822376535945,-9.393396720737991,-1.4527270022343581,-7.940669718503633,-7.603095374301587,0.33757434420204646,-4.251207469508757
110,-1.8759987855676297,1.0477790358919736,5800.0,5800.0,-8.968180513119341,-9.31719211838148,-1.4336553168172637,-7.883536801564215,-7.534525196302077,0.34901160526213815,-4.427094260445247
111,-1.7563482841125495,1.0477790358919736,5800.0,5800.0,-8.945548159868174,-9.389465493437429,-1.4366684049086456,-7.952797088528784,-7.508879754959529,0.4439173335692548,-5.581901922401199
112,-1.6366977826574698,1.0477790358919736,5800.0,5800.0,-8.73190657808909,-9.232793025278674,-1.40526980743707,-7.8275232178416045,-7.32663677065202,0.5008864471895844,-6.399041347432771
113,-1.5155133004145038,1.0477790358919736,5800.0,5800.0,-8.737384915862698,-9.315529140536391,-1.4224610119160586,-7.893068128620333,-7.31492390394664,0.578144224673693,-7.324708405560787
114,-1.395862798959424,1.0477790358919736,5800.0,5800.0,-9.160785032080563,-9.345283434137173,-1.5826248182027012,-7.7626586159344715,-7.578160213877862,0.18449840205660983,-2.3767424433413638
115,-2.313183310115037,1.135215940801455,5800.0,5800.0,-9.29520531737935,-9.454378864282372,-1.5767391485238225,-7.87763971575855,-7.718466168855528,0.15917354690302155,-2.0205740887668218
116,-2.202736693387271,1.135215940801455,5800.0,5800.0,-9.321241931745709,-9.535120277701264,-1.577392194728088,-7.957728082973176,-7.743849737017621,0.2138783459555551,-2.6876810029885516
117,-2.0938240574473905,1.135215940801455,5800.0,5800.0,-9.044163470588362,-9.452239168092802,-1.573553562725145,-7.878685605367657,-7.470609907863217,0.40807569750444017,-5.179489548693541
118,-1.98491142150751,1.135215940801455,5800.0,5800.0,-9.042948233946804,-9.476141860830303,-1.5407552802630762,-7.9353865805672275,-7.502192953683728,0.43319362688349905,-5.459011007029402
119,-1.8759987855676297,1.135215940801455,5800.0,5800.0,-9.033082929240768,-9.434403688784881,-1.566636250160404,-7.867767438624477,-7.466446679080364,0.40132075954411306,-5.100821327965892
120,-1.767086149627749,1.135215940801455,5800.0,5800.0,-8.935977220722274,-9.37181373010836,-1.5426626462398316,-7.829151083868529,-7.393314574482442,0.4358365093860872,-5.5668424931037634
121,-1.6581735136878688,1.135215940801455,5800.0,5800.0,-8.888473137346878,-9.422981744479639,-1.5118184863958128,-7.9111632580838265,-7.376654650951066,0.5345086071327607,-6.756384487282402
122,-1.549260877747988,1.135215940801455,5800.0,5800.0,-9.156592137589097,-9.42423390867574,-1.5187779137447237,-7.905455994931017,-7.637814223844374,0.2676417710866428,-3.385532362184482
123,-1.4403482418081075,1.135215940801455,5800.0,5800.0,-9.184264956469118,-9.451080372898849,-1.6994352983610612,-7.751645074537787,-7.4848296581080564,0.26681541642973094,-3.4420489310862896
124,-2.313183310115037,1.221118864923051,5800.0,5800.0,-9.389476527747311,-9.588183982138345,-1.7287268651073913,-7.859457117030954,-7.66074966263992,0.19870745439103388,-2.5282592860065005
125,-2.2150085396903565,1.221118864923051,5800.0,5800.0,-9.387981190248642,-9.712861711870822,-1.7691203823646942,-7.943741329506128,-7.618860807883948,0.3248805216221804,-4.089767127933137
126,-2.116833769265676,1.221118864923051,5800.0,5800.0,-9.180461313250678,-9.62194560850258,-1.7685924845952368,-7.853353123907343,-7.411868828655441,0.441484295251902,-5.6216024962372595
127,-2.018658998840994,1.221118864923051,5800.0,5800.0,-8.995131406746804,-9.598044635113622,-1.7382924385465084,-7.859752196567113,-7.256838968200295,0.6029132283668179,-7.670893601838376
128,-1.9204842284163133,1.221118864923051,5800.0,5800.0,-9.228833611384529,-9.689336455794814,-1.7333260720989943,-7.95601038369582,-7.495507539285534,0.46050284441028566,-5.788112662019521
129,-1.822309457991632,1.221118864923051,5800.0,5800.0,-9.104769624353196,-9.602280957855447,-1.6827639182117236,-7.919517039643724,-7.422005706141473,0.49751133350225096,-6.282091837315279
130,-1.7241346875669512,1.221118864923051,5800.0,5800.0,-9.121045146143233,-9.576537438158718,-1.738490323928591,-7.838047114230127,-7.382554822214642,0.45549229201548513,-5.811298214685773
131,-1.62595991714227,1.221118864923051,5800.0,5800.0,-9.233270086789057,-9.669572880327951,-1.694894585330829,-7.974678294997123,-7.538375501458228,0.43630279353889456,-5.471102123487628
132,-1.527785146717589,1.221118864923051,5800.0,5800.0,-9.36911469637274,-9.633571854721643,-1.9185723098880663,-7.714999544833576,-7.450542386484674,0.26445715834890215,-3.427831159445738
133,-2.268697867266354,1.3085557698325323,5800.0,5800.0,-9.580711830398643,-9.979626690753095,-1.9259248017516204,-8.053701889001475,-7.654787028647023,0.3989148603544521,-4.953186321674378
134,-2.1812609623568724,1.3085557698325323,5800.0,5800.0,-9.356046443285978,-9.917866992101175,-1.9883225742651491,-7.929544417836025,-7.367723869020828,0.5618205488151968,-7.0851554542211375
135,-2.0938240574473905,1.3085557698325323,5800.0,5800.0,-9.416955362338465,-9.798378805721159,-1.9575796630106816,-7.840799142710477,-7.459375699327783,0.38142344338269396,-4.864599085378944
136,-2.006387152537909,1.3085557698325323,5800.0,5800.0,-9.18194003868848,-9.868067037992024,-1.9604000506480783,-7.907666987343945,-7.221539988040402,0.6861269993035428,-8.67673108138816
137,-1.9204842284163133,1.3085557698325323,5800.0,5800.0,-9.298944251911221,-9.75011893260934,-1.947296715252627,-7.802822217356713,-7.351647536658595,0.4511746806981183,-5.782198647234569
138,-1.833047323506832,1.3085557698325323,5800.0,5800.0,-9.394859777874581,-9.854938606202133,-1.9636717257185727,-7.89126688048356,-7.431188052156008,0.46007882832755165,-5.830227709892876
139,-1.7456104185973502,1.3085557698325323,5800.0,5800.0,-9.102575419738853,-9.830099274765942,-1.9562049291805252,-7.873894345585417,-7.146370490558328,0.7275238550270888,-9.239695417490367
140,-1.6581735136878688,1.3085557698325323,5800.0,5800.0,-9.562927247565469,-9.896362363202766,-1.9429688357658466,-7.953393527436919,-7.619958411799622,0.3334351156372968,-4.192362850989852
141,-1.570736608778387,1.3085557698325323,5800.0,5800.0,-9.731835986020272,-9.906598465323944,-2.181260749493989,-7.725337715829955,-7.550575236526283,0.17476247930367173,-2.2621985695921967
142,-2.225746405205556,1.395992674742014,5800.0,5800.0,-9.749098306120878,-10.07358087858564,-2.178357151541428,-7.895223727044211,-7.57074115457945,0.32448257246476153,-4.109859120942736
143,-2.1536493081749306,1.395992674742014,5800.0,5800.0,-9.638435613249245,-9.933770999398353,-2.168317767304164,-7.76545323209419,-7.470117845945081,0.2953353861491088,-3.8031957352921
144,-2.0830861919321912,1.395992674742014,5800.0,5800.0,-9.651538806255678,-9.991840594503504,-2.160653073338711,-7.831187521164793,-7.490885732916967,0.3403017882478263,-4.345468517106976
145,-2.012523075689452,1.395992674742014,5800.0,5800.0,-9.586541263064058,-9.865487610770135,-2.178018488307113,-7.687469122463021,-7.408522774756944,0.27894634770607674,-3.6285849512030808
146,-1.9419599594467123,1.395992674742014,5800.0,5800.0,-9.59582506637184,-9.981832503045396,-2.1734501144560334,-7.808382388589363,-7.422374951915806,0.3860074366735571,-4.943500682518341
147,-1.8713968432039727,1.395992674742014,5800.0,5800.0,-9.4397552639246,-9.960669937522637,-2.1630472430773366,-7.7976226944453,-7.276708020847263,0.5209146735980372,-6.680429330969233
148,-1.7992997461733475,1.395992674742014,5800.0,5800.0,-9.501501324125465,-10.036160722374916,-2.164834582849118,-7.871326139525799,-7.336666741276348,0.5346593982494507,-6.792494539956399
149,-1.7287366299306082,1.395992674742014,5800.0,5800.0,-9.915266870807956,-10.12634949417557,-2.1889942969021434,-7.937355197273426,-7.726272573905813,0.21108262336761285,-2.6593571551405715
150,-1.6581735136878688,1.395992674742014,5800.0,5800.0,-10.033734072793512,-10.10131688287037,-2.4238034546624667,-7.677513428207902,-7.609930618131045,0.06758281007685696,-0.8802695131544986
151,-2.1812609623568724,1.4834295796514958,5800.0,5800.0,-10.07115087303035,-10.428899223325626,-2.412777225176493,-8.016121998149133,-7.658373647853857,0.3577483502952763,-4.4628605998995265
152,-2.127571634780874,1.4834295796514958,5800.0,5800.0,-10.015790958457044,-10.359570112243194,-2.3947045935111557,-7.964865518732038,-7.621086364945889,0.34377915378614965,-4.316195332835668
153,-2.072348326416992,1.4834295796514958,5800.0,5800.0,-9.821646332414183,-10.348423177028593,-2.3893948455123026,-7.95902833151629,-7.43225148690188,0.5267768446144103,-6.618607481625248
154,-2.018658998840994,1.4834295796514958,5800.0,5800.0,-9.91108435239071,-10.277355696104362,-2.3975974800774056,-7.879758216026956,-7.513486872313304,0.36627134371365244,-4.648256122487089
155,-1.963435690477111,1.4834295796514958,5800.0,5800.0,-9.806309229520435,-10.294318636893735,-2.3910720206797125,-7.903246616214022,-7.415237208840723,0.48800940737329945,-6.1747966509373065
156,-1.908212382113228,1.4834295796514958,5800.0,5800.0,-9.860208475417524,-10.182839830447262,-2.372244264384893,-7.81059556606237,-7.487964211032631,0.3226313550297384,-4.130688272115844
157,-1.8545230545372309,1.4834295796514958,5800.0,5800.0,-9.950168797531603,-10.231597099196161,-2.3904412995469397,-7.841155799649222,-7.559727497984664,0.28142830166455823,-3.5891175848992574
158,-1.7992997461733475,1.4834295796514958,5800.0,5800.0,-9.946469172400999,-10.258549142611564,-2.365513923515876,-7.893035219095688,-7.580955248885123,0.312079970210565,-3.953865167807021
159,-1.7456104185973502,1.4834295796514958,5800.0,5800.0,-10.044305362649384,-10.164297545296805,-2.5896810621085398,-7.574616483188265,-7.454624300540845,0.11999218264742062,-1.5841354201066322
160,-2.0938240574473905,1.5708664845609772,5800.0,5800.0,-10.089303947665778,-10.417917006677358,-2.568743634149741,-7.849173372527617,-7.520560313516037,0.32861305901158033,-4.186594478365551
161,-1.963435690477111,1.5708664845609772,5800.0,5800.0,-10.043677531620354,-10.479609732602903,-2.5644767004957814,-7.915133032107121,-7.479200831124572,0.43593220098254903,-5.507578953053903
162,-1.7011249757486666,1.5708664845609772,5800.0,5800.0,-10.430608051887498,-10.408086800600117,-2.5918673275051125,-7.816219473095004,-7.838740724382386,-0.02252125128738136,0.2881348376271166
163,-1.570736608778387,1.5708664845609772,5800.0,5800.0,-10.42745785767403,-10.434592150409708,-2.5689822014160315,-7.865609948993677,-7.8584756562579985,0.007134292735678116,-0.09070234580588216
164,-1.4403482418081075,1.5708664845609772,5800.0,5800.0,-10.378969878626718,-10.476385553781736,-2.588988973596703,-7.887396580185033,-7.789980905030015,0.09741567515501792,-1.2350802215239014
165,-1.3084258940499425,1.5708664845609772,5800.0,5800.0,-10.321418575835626,-10.478132501609123,-2.575445204181184,-7.9026872974279385,-7.745973371654442,0.15671392577349685,-1.9830460180868097
166,-1.1780375270796628,1.5708664845609772,5800.0,5800.0,-10.359176314184683,-10.421303128852411,-2.6043164577689817,-7.81698667108343,-7.754859856415702,0.06212681466772807,-0.7947667980239415
167,-1.0476491601093834,1.5708664845609772,5800.0,5800.0,-10.234768452981092,-10.444447390073305,-2.7972813788917605,-7.647166011181545,-7.437487074089331,0.20967893709221386,-2.7419168981767257
168,-1.395862798959424,1.6583033894704586,5800.0,5800.0,-10.537752911518437,-10.74155867323746,-2.7713691075561475,-7.970189565681313,-7.76638380396229,0.20380576171902298,-2.557100556260121
169,-1.3421734713834264,1.6583033894704586,5800.0,5800.0,-10.484267780960167,-10.548982129377478,-2.7831669099388336,-7.765815219438645,-7.701100871021334,0.06471434841731138,-0.8333233097708097
170,-1.2869501630195432,1.6583033894704586,5800.0,5800.0,-10.485823032111687,-10.573106833231023,-2.784745566199925,-7.788361267031098,-7.701077465911762,0.08728380111933554,-1.120695331491831
171,-1.233260835443546,1.6583033894704586,5800.0,5800.0,-10.430201988790126,-10.619420115103168,-2.8086776997135803,-7.810742415389587,-7.621524289076545,0.18921812631304213,-2.422537016970675
172,-1.1780375270796628,1.6583033894704586,5800.0,5800.0,-10.443875606811666,-10.58392267910864,-2.8058983438958722,-7.778024335212768,-7.637977262915793,0.14004707229697466,-1.800548137435773
173,-1.1228142187157797,1.6583033894704586,5800.0,5800.0,-10.445310487635869,-10.586558271521213,-2.7757604959229174,-7.810797775598296,-7.669549991712952,0.1412477838853441,-1.8083656489816715
174,-0.960212255199902,1.6583033894704586,5800.0,5800.0,-10.454448100202573,-10.623389529932883,-2.9728370053603945,-7.650552524572488,-7.481611094842178,0.16894142973031023,-2.2082252123319766
175,-1.4832997038689055,1.7457402943799405,5800.0,5800.0,-10.799267090795551,-10.719349458620146,-2.976246760602583,-7.743102698017562,-7.823020330192968,-0.07991763217540537,1.0321138087948438
176,-1.4127365876261662,1.7457402943799405,5800.0,5800.0,-10.652879314856776,-10.75471526306945,-2.954951047154602,-7.799764215914848,-7.697928267702174,0.10183594821267405,-1.305628547141018
177,-1.3421734713834264,1.7457402943799405,5800.0,5800.0,-10.735329104804697,-10.87083024574834,-2.951858914834667,-7.918971330913674,-7.78347018997003,0.13550114094364396,-1.7110952329715041
178,-1.2700763743528012,1.7457402943799405,5800.0,5800.0,-10.642858397665407,-10.769778962527887,-2.960330058707159,-7.809448903820728,-7.682528338958248,0.1269205648624805,-1.6252179433607066
179,-1.1995132581100618,1.7457402943799405,5800.0,5800.0,-10.667061792206995,-10.809625626359702,-2.962652108133054,-7.8469735182266485,-7.7044096840739416,0.1425638341527069,-1.816800245617818
180,-1.1289501418673225,1.7457402943799405,5800.0,5800.0,-10.758576190798891,-10.823454843029696,-2.968940965483122,-7.854513877546574,-7.789635225315769,0.06487865223080469,-0.8260046801403081
181,-1.058387025624583,1.7457402943799405,5800.0,5800.0,-10.660244155882296,-10.715571212570183,-2.967412441906959,-7.748158770663224,-7.6928317139753375,0.05532705668788651,-0.7140671522810141
182,-0.9878239093818432,1.7457402943799405,5800.0,5800.0,-10.635545741137859,-10.741113568148682,-2.9703734529412484,-7.770740115207434,-7.665172288196611,0.10556782701082312,-1.3585298883464856
183,-0.915726812351218,1.7457402943799405,5800.0,5800.0,-10.662628793172653,-10.800756373092858,-3.1693214105555496,-7.631434962537308,-7.493307382617103,0.13812757992020508,-1.8099817478399929
184,-1.570736608778387,1.833177199289422,5800.0,5800.0,-10.98059899389512,-10.998561547028286,-3.168937010121645,-7.829624536906641,-7.811661983773474,0.017962553133166637,-0.22941780986426907
185,-1.4832997038689055,1.833177199289422,5800.0,5800.0,-10.999935244144652,-11.203516196954936,-3.1651146867860414,-8.038401510168896,-7.8348205573586105,0.20358095281028543,-2.532604928389649
186,-1.395862798959424,1.833177199289422,5800.0,5800.0,-10.997477421179594,-11.091797853422802,-3.145324294955929,-7.946473558466874,-7.852153126223666,0.09432043224320807,-1.1869470344202022
187,-1.3084258940499425,1.833177199289422,5800.0,5800.0,-10.97349208079415,-11.09942695995172,-3.156754943824784,-7.942672016126935,-7.816737136969366,0.12593487915756896,-1.5855480234091077
188,-1.2209889891404608,1.833177199289422,5800.0,5800.0,-11.034677688778599,-10.98234394231521,-3.1568676754520526,-7.825476266863157,-7.877810013326546,-0.05233374646338973,0.668761167738711
189,-1.1350860650188648,1.833177199289422,5800.0,5800.0,-10.936189453744795,-10.868509459433294,-3.145941010707969,-7.722568448725326,-7.790248443036827,-0.06767999431150074,0.8763922878880002
190,-1.0476491601093834,1.833177199289422,5800.0,5800.0,-10.872058754398072,-10.88870037747668,-3.1288094307871774,-7.759890946689502,-7.743249323610895,0.01664162307860728,-0.21445691947136028
191,-0.960212255199902,1.833177199289422,5800.0,5800.0,-10.791077945097085,-10.913757378953935,-3.1314139097209743,-7.782343469232961,-7.65966403537611,0.12267943385685065,-1.5763816431625846
192,-0.8727753502904205,1.833177199289422,5800.0,5800.0,-10.748898258922534,-10.925022470362393,-3.3157460521468916,-7.609276418215501,-7.433152206775642,0.17612421143985912,-2.3145986787685016
193,-1.613688070839185,1.9206141041989035,5800.0,5800.0,-11.213168041070489,-11.256180366004314,-3.3393512945776145,-7.916829071426699,-7.873816746492874,0.043012324933824786,-0.5433024326502669
194,-1.5155133004145038,1.9206141041989035,5800.0,5800.0,-11.359005896412597,-11.22212522561743,-3.323345756928748,-7.898779468688683,-8.035660139483848,-0.13688067079516575,1.7329344531996411
195,-1.4173385299898231,1.9206141041989035,5800.0,5800.0,-11.306876823903057,-11.232391392355,-3.337044411228533,-7.895346981126467,-7.969832412674524,-0.07448543154805698,0.9434092222433241
196,-1.319163759565142,1.9206141041989035,5800.0,5800.0,-11.301704230589024,-11.239518183795782,-3.3263048104230792,-7.913213373372703,-7.975399420165945,-0.0621860467932418,0.7858507518891454
197,-1.2209889891404608,1.9206141041989035,5800.0,5800.0,-11.319838854647058,-11.258527262320962,-3.3239358742702056,-7.934591388050757,-7.995902980376853,-0.06131159232609562,0.7727126619075676
198,-1.1228142187157797,1.9206141041989035,5800.0,5800.0,-11.060573095473174,-11.03414084280787,-3.3387864211509966,-7.695354421656874,-7.7217866743221775,-0.02643225266530358,0.34348323958823584
199,-1.024639448291099,1.9206141041989035,5800.0,5800.0,-10.993743720738498,-11.088549664120135,-3.323752892236384,-7.764796771883751,-7.669990828502114,0.09480594338163684,-1.220971342417205
200,-0.9264646778664178,1.9206141041989035,5800.0,5800.0,-10.973199367152114,-11.129899294587286,-3.329345081244685,-7.8005542133426005,-7.6438542859074285,0.15669992743517192,-2.0088306952234456
201,-0.8282899074417367,1.9206141041989035,5800.0,5800.0,-11.012229347377783,-11.183454290761164,-3.5018706326629623,-7.6815836580982015,-7.510358714714821,0.1712249433833808,-2.2290318117263395
202,-1.7011249757486666,2.0065170283204994,5800.0,5800.0,-11.435228566437424,-11.468695065773813,-3.5253505239832585,-7.943344541790555,-7.9098780424541655,0.03346649933638979,-0.4213149657593212
203,-1.592212339808786,2.0065170283204994,5800.0,5800.0,-11.56731995262191,-11.374827587220775,-3.534573158695678,-7.840254428525097,-8.032746793926233,-0.19249236540113568,2.4551800857481507
204,-1.4832997038689055,2.0065170283204994,5800.0,5800.0,-11.522067573376667,-11.252316229060881,-3.5173566840037007,-7.73495954505718,-8.004710889372966,-0.26975134431578596,3.4874305772958225
205,-1.374387067929025,2.0065170283204994,5800.0,5800.0,-11.549559389928211,-11.414657986703979,-3.5116977988123024,-7.902960187891677,-8.03786159111591,-0.13490140322423283,1.706973083717651
206,-1.2654744319891449,2.0065170283204994,5800.0,5800.0,-11.434891896631484,-11.414180645747201,-3.553218829663094,-7.8609618160841075,-7.88167306696839,-0.020711250884282606,0.2634696792688378
207,-1.1565617960492638,2.0065170283204994,5800.0,5800.0,-11.317222884218332,-11.436931151148595,-3.5401149597865174,-7.896816191362078,-7.777107924431814,0.11970826693026382,-1.5159054488466701
208,-1.0476491601093834,2.0065170283204994,5800.0,5800.0,-11.239111360337667,-11.355246880446055,-3.5806625058253605,-7.774584374620694,-7.658448854512306,0.11613552010838823,-1.4937842913828334
209,-0.9387365241695028,2.0065170283204994,5800.0,5800.0,-11.118664169385825,-11.329966328517797,-3.5956958731735758,-7.734270455344221,-7.52296829621225,0.21130215913197148,-2.7320244404689267
210,-0.8282899074417367,2.0065170283204994,5800.0,5800.0,-11.294344206534042,-11.331536487697326,-3.7631962409634103,-7.568340246733916,-7.531147965570632,0.03719228116328388,-0.49141925377012546
211,-1.7456104185973502,2.093953933229981,5800.0,5800.0,-11.55680131387823,-11.473639774765621,-3.7559442159886878,-7.717695558776933,-7.800857097889542,-0.08316153911260926,1.0775436589751715
212,-1.62595991714227,2.093953933229981,5800.0,5800.0,-11.881897762585092,-11.755368346628435,-3.7291247625360864,-8.026243584092349,-8.152773000049006,-0.12652941595665723,1.5764462494937583
213,-1.5047754348993043,2.093953933229981,5800.0,5800.0,-11.806076153835155,-11.558958122098527,-3.694215338827114,-7.864742783271414,-8.111860815008042,-0.24711803173662794,3.1420993482743866
214,-1.3851249334442244,2.093953933229981,5800.0,5800.0,-11.910483684200777,-11.61519214492174,-3.708333055716983,-7.906859089204758,-8.202150628483794,-0.2952915392790363,3.7346250381798014
215,-1.2654744319891449,2.093953933229981,5800.0,5800.0,-11.654168114800115,-11.595521749210407,-3.6837862029264787,-7.9117355462839285,-7.970381911873636,-0.05864636558970737,0.741257910437275
216,-1.1458239305340645,2.093953933229981,5800.0,5800.0,-11.460764265060424,-11.492330220079175,-3.6375603434311192,-7.8547698766480565,-7.823203921629306,0.03156595501875081,-0.401869889436166
217,-1.024639448291099,2.093953933229981,5800.0,5800.0,-11.350959026356087,-11.325920435872098,-3.662103079071566,-7.663817356800532,-7.688855947284521,-0.025038590483989154,0.32671173278641635
218,-0.9049889468360188,2.093953933229981,5800.0,5800.0,-11.319035397841082,-11.392554574816526,-3.650418188315364,-7.742136386501162,-7.668617209525719,0.0735191769754433,-0.9495980606028589
219,-0.7853384453809387,2.093953933229981,5800.0,5800.0,-11.362810566382583,-11.457943430075641,-3.812404399251639,-7.645539030824002,-7.550406167130944,0.09513286369305796,-1.2442924339214962
220,-1.788561880658148,2.181390838139462,5800.0,5800.0,-11.730715729685894,-11.715429603196757,-3.7923599659181426,-7.923069637278614,-7.938355763767751,-0.015286126489137075,0.19293187096595424
221,-1.662775456051525,2.181390838139462,5800.0,5800.0,-11.921833610534668,-11.623144742357011,-3.7624849497030177,-7.860659792653994,-8.15934866083165,-0.2986888681776563,3.7997938602658947
222,-1.5385230122327886,2.181390838139462,5800.0,5800.0,-12.061122606635923,-11.579989455851846,-3.7381516102701426,-7.841837845581704,-8.32297099636578,-0.4811331507840766,6.135464163610059
223,-1.4127365876261662,2.181390838139462,5800.0,5800.0,-12.031373954875209,-11.694845100740592,-3.749136461385553,-7.945708639355039,-8.282237493489657,-0.33652885413461764,4.235353565165888
224,-1.2869501630195432,2.181390838139462,5800.0,5800.0,-11.82326303156192,-11.670810858819747,-3.7351746749828076,-7.935636183836939,-8.088088356579112,-0.15245217274217282,1.9211083927043273
225,-1.1611637384129208,2.181390838139462,5800.0,5800.0,-11.516833827458322,-11.722737112424394,-3.7466083443393243,-7.976128768085069,-7.770225483118998,0.20590328496607135,-2.5814939922980353
226,-1.036911294594184,2.181390838139462,5800.0,5800.0,-11.475564001321514,-11.650589035475484,-3.7383277350943485,-7.912261300381136,-7.737236266227166,0.17502503415397008,-2.2120734832852285
227,-0.9111248699875611,2.181390838139462,5800.0,5800.0,-11.396137966851075,-11.611859752510068,-3.762233940595156,-7.849625811914912,-7.6339040262559195,0.21572178565899236,-2.748179223161813
228,-0.7853384453809387,2.181390838139462,5800.0,5800.0,-11.375570833892644,-11.55525276371367,-3.8953463941273454,-7.659906369586324,-7.480224439765298,0.17968192982102593,-2.3457457722257997
229,-1.833047323506832,2.268827743048944,5800.0,5800.0,-11.707228597767747,-11.658606266423792,-3.9140762780646265,-7.744529988359165,-7.79315231970312,-0.04862233134395488,0.6278280465959756
230,-1.7011249757486666,2.268827743048944,5800.0,5800.0,-11.967278690413227,-11.835581759283365,-3.9095623229391143,-7.92601943634425,-8.057716367474113,-0.1316969311298628,1.6615771912692394
231,-1.570736608778387,2.268827743048944,5800.0,5800.0,-12.195770601439245,-11.692303446378782,-3.901040475778535,-7.791262970600247,-8.29473012566071,-0.5034671550604628,6.461945347760162
232,-1.4403482418081075,2.268827743048944,5800.0,5800.0,-12.218561289239107,-11.672757448169463,-3.9018388899482614,-7.770918558221202,-8.316722399290846,-0.5458038410696444,7.023672130654543
233,-1.3084258940499425,2.268827743048944,5800.0,5800.0,-12.07368124532477,-11.912869738890432,-3.8845756317865754,-8.028294107103857,-8.189105613538196,-0.16081150643433872,2.0030594829858592
234,-1.1780375270796628,2.268827743048944,5800.0,5800.0,-11.813891862070268,-11.87549281693302,-3.859194559479753,-8.016298257453267,-7.954697302590514,0.061600954862752744,-0.7684463936390887
235,-1.0476491601093834,2.268827743048944,5800.0,5800.0,-11.544080902059735,-11.64323580103784,-3.8512389994788108,-7.791996801559028,-7.692841902580923,0.09915489897810481,-1.2725223264756196
236,-0.915726812351218,2.268827743048944,5800.0,5800.0,-11.494879389352128,-11.716953924038267,-3.8432903888319734,-7.873663535206293,-7.651589000520155,0.22207453468613814,-2.8204727531619076
237,-0.7853384453809387,2.268827743048944,5800.0,5800.0,-11.533546620079942,-11.711269378167465,-4.019103593427892,-7.692165784739573,-7.51444302665205,0.1777227580875227,-2.3104384780695373
238,-1.833047323506832,2.356264647958425,5800.0,5800.0,-11.973362517189626,-11.653147028896067,-4.0122701578565785,-7.640876871039488,-7.961092359333048,-0.3202154882935595,4.1908212067549835
239,-1.7072608989002092,2.356264647958425,5800.0,5800.0,-12.179629530941972,-11.884386118808305,-4.016953740464606,-7.867432378343699,-8.162675790477365,-0.2952434121336669,3.7527289455498747
240,-1.581474474293587,2.356264647958425,5800.0,5800.0,-12.287811954661565,-11.939644315194565,-4.004145517921946,-7.935498797272619,-8.283666436739619,-0.34816763946699947,4.387470130884053
241,-1.4556880496869642,2.356264647958425,5800.0,5800.0,-12.384387077386506,-11.851012404034247,-4.002342511010736,-7.848669893023511,-8.382044566375772,-0.5333746733522604,6.795733297770161
242,-1.331435605868227,2.356264647958425,5800.0,5800.0,-12.247245524861723,-11.983911592524857,-3.997224662625709,-7.986686929899148,-8.250020862236013,-0.26333393233686575,3.297161071270275
243,-1.2056491812616046,2.356264647958425,5800.0,5800.0,-11.995502181854128,-11.976577350141833,-3.9894782384485783,-7.987099111693254,-8.00602394340555,-0.018924831712295642,0.23694249248252539
244,-1.079862756654982,2.356264647958425,5800.0,5800.0,-11.692477998137473,-11.892830034593741,-3.9779074751738093,-7.9149225594199315,-7.714570522963664,0.20035203645626787,-2.531320236580448
245,-0.9540763320483592,2.356264647958425,5800.0,5800.0,-11.77573094827628,-11.733020437397723,-3.999091109572815,-7.733929327824908,-7.776639838703465,-0.04271051087855682,0.5522485281174496
246,-0.8282899074417367,2.356264647958425,5800.0,5800.0,-11.699770117010681,-11.877720266875347,-4.155579149261954,-7.7221411176133925,-7.544190967748727,0.17795014986466562,-2.3044146326046806
247,-1.8759987855676297,2.443701552867907,5800.0,5800.0,-12.140035832599528,-11.82282333694082,-4.212552793552349,-7.610270543388471,-7.927483039047179,-0.31721249565870835,4.168215753305789
248,-1.7456104185973502,2.443701552867907,5800.0,5800.0,-12.423393399056758,-12.078944309473163,-4.203834772979673,-7.875109536493491,-8.219558626077085,-0.3444490895835939,4.3738958548754985
249,-1.613688070839185,2.443701552867907,5800.0,5800.0,-12.342496416340767,-12.027381491323863,-4.138264643102652,-7.889116848221211,-8.204231773238114,-0.3151149250169025,3.9942991221882163
250,-1.4832997038689055,2.443701552867907,5800.0,5800.0,-12.555920072685081,-12.003411407233397,-4.12372821191099,-7.879683195322407,-8.432191860774092,-0.5525086654516844,7.011813187866086
251,-1.352911336898626,2.443701552867907,5800.0,5800.0,-12.419292181344744,-11.874139551077198,-4.1324639099592755,-7.741675641117922,-8.286828271385469,-0.5451526302675465,7.0417911514156994
252,-1.2209889891404608,2.443701552867907,5800.0,5800.0,-12.035601923134696,-12.106553046225002,-4.1179061482196255,-7.988646898005377,-7.91769577491507,0.07095112309030682,-0.8881494450333267
253,-1.0906006221701814,2.443701552867907,5800.0,5800.0,-12.10488912116865,-12.013353459858608,-4.1057753561675705,-7.907578103691038,-7.99911376500108,-0.09153566131004176,1.157568854960983
254,-0.960212255199902,2.443701552867907,5800.0,5800.0,-11.902145357768722,-11.887020526095013,-4.116067154688432,-7.770953371406581,-7.78607820308029,-0.015124831673709593,0.1946328970311647
255,-0.8282899074417367,2.443701552867907,5800.0,5800.0,-11.816924125953408,-11.871799758787434,-4.244149751201594,-7.6276500075858396,-7.5727743747518135,0.05487563283402608,-0.7194303983461648
256,-1.9204842284163133,2.5311384577773888,5800.0,5800.0,-12.150611994415522,-11.849230408792824,-4.220254425537715,-7.628975983255109,-7.930357568877807,-0.301381585622698,3.950485442400166
257,-1.788561880658148,2.5311384577773888,5800.0,5800.0,-12.26825928828021,-11.992941416265069,-4.238478072551119,-7.75446334371395,-8.029781215729091,-0.27531787201514124,3.5504439161263677
258,-1.6581735136878688,2.5311384577773888,5800.0,5800.0,-12.52499109943415,-12.188647423047742,-4.218950031562569,-7.969697391485173,-8.30604106787158,-0.3363436763864076,4.220281647653991
259,-1.527785146717589,2.5311384577773888,5800.0,5800.0,-12.645424695515912,-12.103806428354098,-4.228395552080499,-7.875410876273598,-8.417029143435412,-0.5416182671618142,6.877333458163534
260,-1.395862798959424,2.5311384577773888,5800.0,5800.0,-12.514427782365773,-12.189401221711082,-4.217050005746967,-7.972351215964115,-8.297377776618806,-0.32502656065469093,4.076922251039899
261,-1.2654744319891449,2.5311384577773888,5800.0,5800.0,-12.188549791143316,-12.277212600608408,-4.205911683164751,-8.071300917443658,-7.982638107978565,0.08866280946509253,-1.0984946586921926
262,-1.1350860650188648,2.5311384577773888,5800.0,5800.0,-12.167214006681661,-12.119919230189492,-4.194176603780804,-7.925742626408688,-7.973037402900857,-0.04729477649216918,0.5967235970366019
263,-1.0031637172607,2.5311384577773888,5800.0,5800.0,-12.087024325398566,-11.886683998904713,-4.198606178767956,-7.6880778201367574,-7.8884181466306105,-0.20034032649385303,2.6058571619698996
264,-0.8727753502904205,2.5311384577773888,5800.0,5800.0,-11.929586631997118,-11.830792698760828,-4.33310824185688,-7.497684456903948,-7.596478390140239,-0.0987939332362906,1.3176592560563158
265,-2.006387152537909,2.6185753626868697,5800.0,5800.0,-12.18083246737823,-11.886962920642613,-4.342496712629994,-7.5444662080126195,-7.838335754748237,-0.2938695467356176,3.8951668498894287
266,-1.8652609200524304,2.6185753626868697,5800.0,5800.0,-12.22792073037806,-12.00112605415431,-4.384679548185983,-7.6164465059683275,-7.843241182192076,-0.22679467622374894,2.977696699452038
267,-1.7241346875669512,2.6185753626868697,5800.0,5800.0,-12.552056093529112,-12.041275571098486,-4.359885442132751,-7.681390128965735,-8.19217065139636,-0.5107805224306246,6.649584435303233
268,-1.581474474293587,2.6185753626868697,5800.0,5800.0,-12.714195873715191,-12.24578679002176,-4.360479506916745,-7.885307283105016,-8.353716366798446,-0.46840908369343026,5.940276857657014
269,-1.4403482418081075,2.6185753626868697,5800.0,5800.0,-12.712986063322925,-12.321354926066642,-4.336128153911857,-7.9852267721547845,-8.376857909411068,-0.39163113725628396,4.9044460280318845
270,-1.297688028534743,2.6185753626868697,5800.0,5800.0,-12.470229094002436,-12.138940638752727,-4.2970643332735,-7.841876305479227,-8.173164760728936,-0.33128845524970885,4.224606998942754
271,-1.1565617960492638,2.6185753626868697,5800.0,5800.0,-12.293167507746142,-12.113925756363736,-4.265983782199599,-7.847941974164137,-8.027183725546543,-0.1792417513824054,2.283933188758011
272,-1.0139015827758993,2.6185753626868697,5800.0,5800.0,-12.19450734603977,-11.956328549895524,-4.278283768004821,-7.678044781890703,-7.91622357803495,-0.23817879614424697,3.1020761523299676
273,-0.8727753502904205,2.6185753626868697,5800.0,5800.0,-12.10561762736682,-12.066283710577446,-4.389256442703513,-7.6770272678739335,-7.716361184663308,-0.03933391678937426,0.5123586958453952
274,-2.0938240574473905,2.706012267596352,5800.0,5800.0,-12.126085677392549,-12.02602995945857,-4.431070913310798,-7.594959046147773,-7.695014764081751,-0.10005571793397827,1.317396411567583
275,-1.946561901810369,2.706012267596352,5800.0,5800.0,-12.2421677809438,-12.037456068388867,-4.435768199723274,-7.601687868665593,-7.806399581220527,-0.2047117125549338,2.692977087348748
276,-1.7992997461733475,2.706012267596352,5800.0,5800.0,-12.503913920047836,-12.07786251511035,-4.443769126619611,-7.634093388490739,-8.060144793428226,-0.4260514049374864,5.580903759702589
277,-1.652037590536326,2.706012267596352,5800.0,5800.0,-12.882823534607656,-12.105402636318118,-4.448410976453531,-7.656991659864587,-8.434412558154126,-0.777420898289539,10.153085347663648
278,-1.5047754348993043,2.706012267596352,5800.0,5800.0,-12.827213702076113,-12.087271717322448,-4.431457454474205,-7.655814262848243,-8.39575624760191,-0.7399419847536661,9.665098438247385
279,-1.357513279262283,2.706012267596352,5800.0,5800.0,-12.595897029867738,-12.306086593699233,-4.442828217000937,-7.863258376698296,-8.1530688128668,-0.289810436168505,3.6856277930192283
280,-1.2102511236252615,2.706012267596352,5800.0,5800.0,-12.532957940069922,-12.009638463233406,-4.408219384948206,-7.6014190782852005,-8.124738555121716,-0.5233194768365159,6.884497110960119
281,-1.06298896798824,2.706012267596352,5800.0,5800.0,-12.30787961948663,-11.943237260022363,-4.426555465366876,-7.5166817946554865,-7.8813241541197545,-0.36464235946426804,4.85110810096466
282,-0.915726812351218,2.706012267596352,5800.0,5800.0,-12.338249176031344,-12.093943437677508,-4.520090781003706,-7.573852656673802,-7.818158395027638,-0.24430573835383562,3.2256468329703027
283,-2.1383095002960744,2.791915191717948,5800.0,5800.0,-12.19099457553303,-12.268582658306004,-4.540010515915092,-7.728572142390912,-7.6509840596179375,0.07758808277297469,-1.0039122536931127
284,-1.9956492870227096,2.791915191717948,5800.0,5800.0,-12.362447783649788,-12.185550914904665,-4.566729473160728,-7.618821441743937,-7.79571831048906,-0.17689686874512311,2.321840327900265
285,-1.8545230545372309,2.791915191717948,5800.0,5800.0,-12.629637094672967,-12.14826076745864,-4.576828176460624,-7.571432590998016,-8.052808918212342,-0.48137632721432677,6.357797172844867
286,-1.711862841263866,2.791915191717948,5800.0,5800.0,-12.925460951695506,-12.140428753489072,-4.552072705655945,-7.588356047833127,-8.37338824603956,-0.7850321982064337,10.3452209313584
287,-1.570736608778387,2.791915191717948,5800.0,5800.0,-12.82474192596299,-12.134774460844078,-4.576442147836259,-7.558332313007819,-8.24829977812673,-0.6899674651189116,9.128567474222907
288,-1.4296103762929082,2.791915191717948,5800.0,5800.0,-12.722450602523924,-12.220264004026989,-4.588025618994622,-7.632238385032367,-8.134424983529303,-0.5021865984969365,6.5798075631623085
289,-1.2869501630195432,2.791915191717948,5800.0,5800.0,-12.728770217204223,-12.568692127740734,-4.598330782690153,-7.970361345050581,-8.13043943451407,-0.16007808946348945,2.0084169654728945
290,-1.1458239305340645,2.791915191717948,5800.0,5800.0,-12.66418305178669,-12.454298171721925,-4.568948542556683,-7.885349629165242,-8.095234509230007,-0.2098848800647648,2.661706708456802
291,-1.0031637172607,2.791915191717948,5800.0,5800.0,-12.528634678352425,-12.351385673217615,-4.614428462415394,-7.736957210802221,-7.914206215937031,-0.17724900513480968,2.2909394521057624
292,-2.1812609623568724,2.879352096627429,5800.0,5800.0,-12.41411923082588,-12.365587405871999,-4.617230125295191,-7.7483572805768075,-7.796889105530689,-0.04853182495388175,0.6263498596733387
293,-2.040134729871393,2.879352096627429,5800.0,5800.0,-12.449993873196979,-12.360817636122725,-4.637822887845822,-7.7229947482769035,-7.812170985351157,-0.0891762370742537,1.1546846784293106
294,-1.897474516598029,2.879352096627429,5800.0,5800.0,-12.529460359530544,-12.229213541518076,-4.618917434912994,-7.610296106605082,-7.91054292461755,-0.300246818012468,3.945271166937639
295,-1.7563482841125495,2.879352096627429,5800.0,5800.0,-12.81503348376541,-12.30133638317487,-4.611876350762765,-7.689460032412105,-8.203157133002644,-0.5136971005905391,6.680535413738245
296,-1.613688070839185,2.879352096627429,5800.0,5800.0,-12.769922411839476,-12.394666731232617,-4.580020212611504,-7.814646518621113,-8.189902199227973,-0.3752556806068599,4.801953354034412
297,-1.4725618383537062,2.879352096627429,5800.0,5800.0,-12.818593570538555,-12.464025237659614,-4.571261929453253,-7.892763308206361,-8.247331641085303,-0.35456833287894174,4.492321878071341
298,-1.331435605868227,2.879352096627429,5800.0,5800.0,-12.787184354002436,-12.47333125464962,-4.542765472953518,-7.930565781696102,-8.244418881048919,-0.3138530993528166,3.9575120866810733
299,-1.1887753925948623,2.879352096627429,5800.0,5800.0,-12.669337215713817,-12.309955062826722,-4.515985001452583,-7.793970061374139,-8.153352214261234,-0.3593821528870951,4.611028141718742
300,-1.0476491601093834,2.879352096627429,5800.0,5800.0,-12.474489396570059,-12.192023455103238,-4.597197351425979,-7.594826103677258,-7.877292045144079,-0.28246594146682114,3.719189058588938
301,-2.225746405205556,2.9667890015369105,5800.0,5800.0,-12.267517729735683,-12.224518788734335,-4.638675847976197,-7.585842940758138,-7.628841881759486,-0.04299894100134871,0.5668314165894311
302,-2.089222115083734,2.9667890015369105,5800.0,5800.0,-12.350945484202873,-12.174770013706103,-4.664678589236255,-7.510091424469849,-7.686266894966618,-0.1761754704967693,2.3458498777091235
303,-1.952697824961912,2.9667890015369105,5800.0,5800.0,-12.526127655748967,-12.23262602686882,-4.653962897185364,-7.578663129683456,-7.872164758563603,-0.2935016288801471,3.8727361786353205
304,-1.8161735348400896,2.9667890015369105,5800.0,5800.0,-12.581371878792567,-12.321083867341187,-4.675014699622989,-7.646069167718198,-7.906357179169578,-0.2602880114513795,3.4042068642318695
305,-1.6796492447182674,2.9667890015369105,5800.0,5800.0,-12.748723234556305,-12.386011463546357,-4.703814772729859,-7.682196690816498,-8.044908461826445,-0.36271177100994745,4.721459051465614
306,-1.5431249545964456,2.9667890015369105,5800.0,5800.0,-12.794678996371701,-12.61716451909807,-4.675735417224631,-7.941429101873439,-8.11894357914707,-0.1775144772736308,2.235296380493454
307,-1.4066006644746234,2.9667890015369105,5800.0,5800.0,-12.842842364960607,-12.698895537249182,-4.666709321703087,-8.032186215546094,-8.176133043257519,-0.14394682771142442,1.79212513067512
308,-1.2700763743528012,2.9667890015369105,5800.0,5800.0,-12.881572497146637,-12.477974340157916,-4.648173583560741,-7.829800756597175,-8.233398913585896,-0.40359815698872126,5.154641472181275
309,-1.1350860650188648,2.9667890015369105,5800.0,5800.0,-12.652517491850725,-12.581279222447694,-4.64187993756527,-7.939399284882424,-8.010637554285456,-0.07123826940303157,0.8972753082047134
310,-2.268697867266354,3.0542259064463924,5800.0,5800.0,-12.432855232432484,-12.486006663510793,-4.711446902122184,-7.774559761388609,-7.7214083303103,0.053151431078308775,-0.683658402656814
311,-2.132173577144532,3.0542259064463924,5800.0,5800.0,-12.397848957825898,-12.395755252175656,-4.725417673901178,-7.670337578274478,-7.672431283924721,-0.0020937056502425833,0.02729613434710893
312,-1.9956492870227096,3.0542259064463924,5800.0,5800.0,-12.630741472225672,-12.68865757038196,-4.7601500560190075,-7.928507514362952,-7.870591416206665,0.05791609815628718,-0.7304791986558479
313,-1.859124996900888,3.0542259064463924,5800.0,5800.0,-12.60399504702992,-12.807066978334756,-4.779785782222431,-8.027281196112325,-7.8242092648074895,0.20307193130483547,-2.529772239736473
314,-1.7241346875669512,3.0542259064463924,5800.0,5800.0,-12.6506759952413,-12.72830891250016,-4.783568182186409,-7.94474073031375,-7.867107813054892,0.07763291725885857,-0.9771611169467669
315,-1.587610397445129,3.0542259064463924,5800.0,5800.0,-12.883702762785271,-12.753734024775397,-4.742340201286352,-8.011393823489046,-8.14136256149892,-0.12996873800987352,1.6222987019912944
316,-1.4510861073233072,3.0542259064463924,5800.0,5800.0,-12.942128128185868,-12.68851591795683,-4.76260395776587,-7.92591196019096,-8.179524170419999,-0.253612210229039,3.1997858606409335
317,-1.314561817201485,3.0542259064463924,5800.0,5800.0,-13.011596231783285,-12.653963929715534,-4.689701956776497,-7.964261972939037,-8.321894275006787,-0.3576323020677501,4.490463815516275
318,-1.1780375270796628,3.0542259064463924,5800.0,5800.0,-12.812357121353209,-12.67950148381188,-4.681302561015353,-7.998198922796527,-8.131054560337855,-0.13285563754132834,1.6610694335528742
319,-2.313183310115037,3.1416628113558733,5800.0,5800.0,-12.386952210968616,-12.557823421909566,-4.720833177864551,-7.8369902440450145,-7.6661190331040645,0.17087121094095004,-2.1803167494152182
320,-2.1812609623568724,3.1416628113558733,5800.0,5800.0,-12.41517059283177,-12.743626891164585,-4.719681732743792,-8.023945158420792,-7.695488860087977,0.3284562983328154,-4.093451436269032
321,-2.0508725953865925,3.1416628113558733,5800.0,5800.0,-12.585240912530208,-12.847323036885275,-4.813655277735498,-8.033667759149775,-7.77158563479471,0.2620821243550653,-3.2622972745739007
322,-1.9204842284163133,3.1416628113558733,5800.0,5800.0,-12.566962562498524,-12.78956760297785,-4.760832753713497,-8.028734849264353,-7.806129808785028,0.2226050404793254,-2.7726042104843205
323,-1.788561880658148,3.1416628113558733,5800.0,5800.0,-12.579977531477653,-12.79511888294299,-4.786786959422262,-8.008331923520728,-7.793190572055391,0.21514135146533775,-2.6864689615756396
324,-1.6581735136878688,3.1416628113558733,5800.0,5800.0,-12.696130480560907,-12.75455585917456,-4.751938525397634,-8.002617333776927,-7.944191955163273,0.05842537861365393,-0.7300783753217325
325,-1.527785146717589,3.1416628113558733,5800.0,5800.0,-12.91424334670783,-12.61461394187782,-4.710830420286673,-7.903783521591148,-8.203412926421157,-0.299629404830009,3.790961683243182
326,-1.395862798959424,3.1416628113558733,5800.0,5800.0,-12.971879033470378,-12.77054666876793,-4.731119900356281,-8.039426768411648,-8.240759133114096,-0.20133236470244853,2.5043124404530874
327,-1.2654744319891449,3.1416628113558733,5800.0,5800.0,-12.920774464326746,-12.73870239924992,-4.77945118753874,-7.95925121171118,-8.141323276788006,-0.1820720650768255,2.2875526884856465
328,-2.313183310115037,-3.054085590914231,5800.0,5800.0,-12.39718799479087,-12.653934490160239,-4.794878718388545,-7.859055771771694,-7.602309276402326,0.25674649536936833,-3.2668873058714674
329,-2.1873968855084147,-3.054085590914231,5800.0,5800.0,-12.534684739894342,-12.65347449217426,-4.821964443288162,-7.831510048886098,-7.71272029660618,0.11878975227991795,-1.5168179768448846
330,-2.061610460901792,-3.054085590914231,5800.0,5800.0,-12.463495594130416,-12.736978331000017,-4.839900150477329,-7.897078180522688,-7.623595443653087,0.27348273686960134,-3.4630876207369674
331,-1.9358240362951695,-3.054085590914231,5800.0,5800.0,-12.506637825260896,-12.818629098544791,-4.86645789625518,-7.952171202289612,-7.640179929005716,0.31199127328389586,-3.923347037524374
332,-1.810037611688547,-3.054085590914231,5800.0,5800.0,-12.587761000076435,-12.849799737466672,-4.9295735995800465,-7.920226137886625,-7.658187400496389,0.2620387373902364,-3.3084754504264304
333,-1.68578516786981,-3.054085590914231,5800.0,5800.0,-12.655037559199696,-12.895136909821048,-4.882529155078557,-8.01260775474249,-7.772508404121139,0.24009935062135046,-2.996519459962842
334,-1.5599987432631877,-3.054085590914231,5800.0,5800.0,-13.009850920237396,-12.901724167929201,-4.915933590583287,-7.985790577345914,-8.093917329654108,-0.10812675230819391,1.3539893296842496
335,-1.4342123186565652,-3.054085590914231,5800.0,5800.0,-13.02944616479821,-12.948365063976041,-4.8796926726304095,-8.068672391345633,-8.1497534921678,-0.08108110082216768,1.0048877546340134
336,-1.3084258940499425,-3.054085590914231,5800.0,5800.0,-13.05028838003449,-12.863836224243387,-4.840470712699046,-8.023365511544341,-8.209817667335443,-0.18645215579110186,2.323864661566608
337,-2.3561347721758352,-2.966648686004749,5800.0,5800.0,-12.642801530073589,-12.834074964125952,-4.863221652170725,-7.970853311955227,-7.779579877902864,0.19127343405236275,-2.399660695869009
338,-2.236484270720755,-2.966648686004749,5800.0,5800.0,-12.638043123220662,-12.748315361701819,-4.846864414916688,-7.901450946785131,-7.791178708303974,0.11027223848115675,-1.3955947992820648
339,-2.116833769265676,-2.966648686004749,5800.0,5800.0,-12.488556307519389,-12.885251012563582,-4.8394236590431134,-8.045827353520469,-7.649132648476275,0.3966947050441938,-4.930440184881909
340,-1.9956492870227096,-2.966648686004749,5800.0,5800.0,-12.453392298227225,-12.758607154587905,-4.845711041338594,-7.91289611324931,-7.607681256888631,0.3052148563606796,-3.8571826546494083
341,-1.8759987855676297,-2.966648686004749,5800.0,5800.0,-12.4250123725294,-12.793825995134032,-4.851258719436377,-7.942567275697655,-7.573753653093023,0.36881362260463213,-4.643506435672419
342,-1.7563482841125495,-2.966648686004749,5800.0,5800.0,-12.488269464485347,-12.762518748578666,-4.8472181534507595,-7.915300595127906,-7.6410513110345875,0.27424928409331883,-3.464799356604689
343,-1.6366977826574698,-2.966648686004749,5800.0,5800.0,-12.65104427999972,-12.829659047833658,-4.823201245130952,-8.006457802702705,-7.827843034868768,0.17861476783393737,-2.2308837720176724
344,-1.5155133004145038,-2.966648686004749,5800.0,5800.0,-12.867029955610633,-12.765510935220659,-4.8011441742204175,-7.9643667610002415,-8.065885781390215,-0.10151902038997296,1.2746653115862185
345,-1.395862798959424,-2.966648686004749,5800.0,5800.0,-12.888853282786574,-12.808273866045388,-4.710620340600539,-8.097653525444848,-8.178232942186035,-0.08057941674118752,0.9950958816401181
346,-2.3561347721758352,-2.879211781095268,5800.0,5800.0,-12.58461806178093,-12.693984939124988,-4.743903894828788,-7.9500810442961996,-7.840714166952141,0.10936687734405837,-1.3756699678240871
347,-2.2410862130844125,-2.879211781095268,5800.0,5800.0,-12.411340973898769,-12.54295954075625,-4.755662602001859,-7.787296938754391,-7.65567837189691,0.1316185668574814,-1.6901701308250656
348,-2.127571634780874,-2.879211781095268,5800.0,5800.0,-12.367797549969996,-12.751624507973125,-4.753119467564349,-7.998505040408776,-7.614678082405647,0.3838269580031284,-4.7987337141630695
349,-2.012523075689452,-2.879211781095268,5800.0,5800.0,-12.303167133405804,-12.756047419069235,-4.736199664697051,-8.019847754372183,-7.566967468708753,0.4528802856634302,-5.646993553169801
350,-1.897474516598029,-2.879211781095268,5800.0,5800.0,-12.200318167118427,-12.790002643845073,-4.753732340335846,-8.036270303509227,-7.446585826782581,0.5896844767266458,-7.337787984422901
351,-1.783959938294491,-2.879211781095268,5800.0,5800.0,-12.309863447910809,-12.79702479054546,-4.785040821559688,-8.011983968985772,-7.524822626351121,0.4871613426346517,-6.080408354790067
352,-1.668911379203068,-2.879211781095268,5800.0,5800.0,-12.618896259641517,-12.761497875697563,-4.770550524691741,-7.990947351005822,-7.848345734949776,0.14260161605604615,-1.784539551973107
353,-1.553862820111645,-2.879211781095268,5800.0,5800.0,-12.944291501048955,-12.811061008986949,-4.729957408485017,-8.081103600501931,-8.214334092563938,-0.13323049206200643,1.6486670465866973
354,-1.4403482418081075,-2.879211781095268,5800.0,5800.0,-12.911598244883578,-12.753014943589726,-4.662317185805261,-8.090697757784465,-8.249281059078317,-0.15858330129385223,1.9600695272700221
355,-2.3561347721758352,-2.7917748761857863,5800.0,5800.0,-12.444553576389485,-12.649933422313017,-4.677505459859199,-7.972427962453819,-7.767048116530286,0.20537984592353276,-2.5761267068297133
356,-2.247222136235955,-2.7917748761857863,5800.0,5800.0,-12.39775811438467,-12.588618308676724,-4.699836658086149,-7.888781650590575,-7.697921456298522,0.19086019429205336,-2.4193874636873116
357,-2.1383095002960744,-2.7917748761857863,5800.0,5800.0,-12.349925168774394,-12.700595011888456,-4.737955159638796,-7.96263985224966,-7.611970009135598,0.350669843114062,-4.40393951780939
358,-2.029396864356194,-2.7917748761857863,5800.0,5800.0,-12.197738017021818,-12.700529392101588,-4.69074105717386,-8.009788334927727,-7.506996959847958,0.5027913750797692,-6.277211757110758
359,-1.9204842284163133,-2.7917748761857863,5800.0,5800.0,-12.108318194985529,-12.731831428116926,-4.675739929087718,-8.056091499029208,-7.432578265897811,0.6235132331313968,-7.739649347410375
360,-1.810037611688547,-2.7917748761857863,5800.0,5800.0,-12.193719528635823,-12.701464920582069,-4.660760326207886,-8.040704594374184,-7.532959202427937,0.5077453919462469,-6.3146877986476415
361,-1.592212339808786,-2.7917748761857863,5800.0,5800.0,-12.54998006023142,-12.76987288552201,-4.63167814234199,-8.138194743180021,-7.91830191788943,0.21989282529059118,-2.701985295631639
362,-1.4832997038689055,-2.7917748761857863,5800.0,5800.0,-12.729181073594281,-12.55556858806836,-4.556563788073978,-7.999004799994381,-8.172617285520303,-0.173612485525922,2.1704260700786673
363,-2.313183310115037,-2.7058719520641903,5800.0,5800.0,-12.332728568551692,-12.542759681800744,-4.586021151407128,-7.956738530393616,-7.746707417144564,0.21003111324905177,-2.639663380250119
364,-2.2150085396903565,-2.7058719520641903,5800.0,5800.0,-12.22975405442519,-12.564716711422596,-4.612477346629691,-7.952239364792905,-7.617276707795498,0.3349626569974067,-4.212180263089074
365,-2.116833769265676,-2.7058719520641903,5800.0,5800.0,-12.17141990691435,-12.579222844206619,-4.614090911900094,-7.965131932306525,-7.557328995014256,0.4078029372922689,-5.119851632817565
366,-2.018658998840994,-2.7058719520641903,5800.0,5800.0,-12.080216764195859,-12.636937596263126,-4.6085277249134515,-8.028409871349673,-7.471689039282407,0.5567208320672661,-6.9343847784103545
367,-1.9204842284163133,-2.7058719520641903,5800.0,5800.0,-12.117438047450683,-12.645338605767606,-4.6864198323687125,-7.958918773398893,-7.431018215081971,0.5279005583169223,-6.632817513872929
368,-1.822309457991632,-2.7058719520641903,5800.0,5800.0,-12.158393325502324,-12.68552857119778,-4.766063633586178,-7.919464937611602,-7.392329691916146,0.5271352456954563,-6.656197733661952
369,-1.7241346875669512,-2.7058719520641903,5800.0,5800.0,-12.448046642560339,-12.792370409592252,-4.749184836588408,-8.043185573003843,-7.698861805971931,0.3443237670319119,-4.2809377442141905
370,-1.62595991714227,-2.7058719520641903,5800.0,5800.0,-12.620975834716331,-12.762172478403574,-4.728637400334769,-8.033535078068805,-7.892338434381562,0.14119664368724294,-1.7575904295570144
371,-1.527785146717589,-2.7058719520641903,5800.0,5800.0,-12.760382549811078,-12.642616345939123,-4.626476055917595,-8.016140290021529,-8.133906493893484,-0.11776620387195535,1.469113558535776
372,-2.313183310115037,-2.618435047154709,5800.0,5800.0,-12.408935128759799,-12.584530397075877,-4.651711944718435,-7.932818452357442,-7.757223184041364,0.1755952683160782,-2.2135293952667667
373,-2.2150085396903565,-2.618435047154709,5800.0,5800.0,-12.255203911588788,-12.447215424492716,-4.693014360987557,-7.7542010635051595,-7.562189550601231,0.19201151290392815,-2.476225614107722
374,-2.116833769265676,-2.618435047154709,5800.0,5800.0,-12.24452776780902,-12.689019552700183,-4.728797547407775,-7.960222005292407,-7.515730220401244,0.4444917848911629,-5.5839119134571815
375,-2.018658998840994,-2.618435047154709,5800.0,5800.0,-12.156741802179855,-12.58328821152603,-4.65517231024705,-7.92811590127898,-7.5015694919328055,0.4265464093461748,-5.380173734308847
376,-1.9204842284163133,-2.618435047154709,5800.0,5800.0,-12.069951024317806,-12.656935011705261,-4.630745679389483,-8.026189332315779,-7.4392053449283235,0.5869839873874554,-7.313358345835261
377,-1.822309457991632,-2.618435047154709,5800.0,5800.0,-12.072510575414862,-12.645091890354028,-4.580044977633984,-8.065046912720042,-7.492465597780877,0.572581314939165,-7.099541033494801
378,-1.7241346875669512,-2.618435047154709,5800.0,5800.0,-12.213855019000299,-12.529184479579747,-4.546213724289258,-7.98297075529049,-7.667641294711041,0.31532946057944855,-3.950026503234686
379,-1.527785146717589,-2.618435047154709,5800.0,5800.0,-12.60853058391065,-12.56120774980861,-4.4860047047844365,-8.075203045024173,-8.122525879126213,-0.04732283410204019,0.5860265536134086
380,-2.268697867266354,-2.5309981422452275,5800.0,5800.0,-12.157021674285469,-12.502088735711679,-4.465688181222732,-8.036400554488946,-7.691333493062737,0.34506706142620924,-4.29380117487378
381,-2.1873968855084147,-2.5309981422452275,5800.0,5800.0,-12.10653295535558,-12.505932269939592,-4.491673234582009,-8.014259035357583,-7.61485972077357,0.3993993145840129,-4.9836087506272175
382,-2.1045619229625903,-2.5309981422452275,5800.0,5800.0,-12.01390620780826,-12.45237028116942,-4.494454055136301,-7.957916226033119,-7.519452152671959,0.43846407336116044,-5.509784985255204
383,-2.023260941204651,-2.5309981422452275,5800.0,5800.0,-12.002003227416969,-12.562596151552807,-4.510663186838804,-8.051932964714002,-7.491340040578165,0.560592924135837,-6.9622154902745
384,-1.9419599594467123,-2.5309981422452275,5800.0,5800.0,-11.949322929000555,-12.447537397173805,-4.48957300223449,-7.9579643949393155,-7.459749926766065,0.4982144681732503,-6.260576743596369
385,-1.859124996900888,-2.5309981422452275,5800.0,5800.0,-12.006990402843511,-12.409276696957466,-4.49235203200433,-7.916924664953136,-7.514638370839181,0.40228629411395467,-5.081345486269522
386,-1.7778240151429483,-2.5309981422452275,5800.0,5800.0,-12.064591222390805,-12.49497299740712,-4.484460311276572,-8.010512686130546,-7.5801309111142325,0.4303817750163139,-5.372711983360063
387,-1.6965230333850096,-2.5309981422452275,5800.0,5800.0,-12.250291709331316,-12.501650176625885,-4.466776799733,-8.034873376892886,-7.783514909598316,0.2513584672945699,-3.12834385190736
388,-1.613688070839185,-2.5309981422452275,5800.0,5800.0,-12.370041913101735,-12.425954895674842,-4.346441836396525,-8.079513059278316,-8.023600076705211,0.05591298257310484,-0.6920340639699286
389,-2.268697867266354,-2.4435612373357456,5800.0,5800.0,-12.095802262646439,-12.481949866969654,-4.38390051203128,-8.098049354938373,-7.711901750615159,0.3861476043232148,-4.768402702901944
390,-2.191998827872072,-2.4435612373357456,5800.0,5800.0,-12.011212040603022,-12.465569545124577,-4.370777420088766,-8.094792125035811,-7.640434620514256,0.4543575045215551,-5.612960746901762
391,-2.116833769265676,-2.4435612373357456,5800.0,5800.0,-11.93897076017301,-12.188330848991097,-4.361685380620776,-7.82664546837032,-7.577285379552234,0.24936008881808647,-3.186040428505684
392,-2.040134729871393,-2.4435612373357456,5800.0,5800.0,-11.934434785687525,-12.339712908969792,-4.34921314412399,-7.9904997648458025,-7.585221641563535,0.4052781232822671,-5.071999689747666
393,-1.963435690477111,-2.4435612373357456,5800.0,5800.0,-11.913785353765725,-12.349021799657251,-4.360327906852221,-7.98869389280503,-7.553457446913504,0.4352364458915261,-5.448155252055899
394,-1.8867366510828287,-2.4435612373357456,5800.0,5800.0,-11.94643495496486,-12.37490496430266,-4.376022206508453,-7.998882757794207,-7.570412748456406,0.42847000933780066,-5.356623197412093
395,-1.810037611688547,-2.4435612373357456,5800.0,5800.0,-12.006094045382694,-12.414010794048979,-4.376601471787407,-8.03740932226157,-7.629492573595287,0.4079167486662838,-5.075226759155573
396,-1.7348725530821507,-2.4435612373357456,5800.0,5800.0,-12.073097089726025,-12.442750983272882,-4.375203500311058,-8.067547482961825,-7.697893589414966,0.3696538935468583,-4.58198596695644
397,-1.6581735136878688,-2.4435612373357456,5800.0,5800.0,-12.196076874820756,-12.363907958937377,-4.22989093221295,-8.134017026724427,-7.966185942607806,0.16783108411662084,-2.063323491519743
398,-2.225746405205556,-2.356124332426264,5800.0,5800.0,-11.955678338751593,-12.227579599896504,-4.254563872925358,-7.973015726971147,-7.701114465826235,0.27190126114491164,-3.4102687170818324
399,-2.165921154478016,-2.356124332426264,5800.0,5800.0,-11.920848054664079,-12.315298539444067,-4.2633041306003365,-8.05199440884373,-7.657543924063742,0.3944504847799868,-4.898792333322423
400,-2.1045619229625903,-2.356124332426264,5800.0,5800.0,-11.888912128657102,-12.323819971509227,-4.276860415441896,-8.046959556067332,-7.612051713215206,0.4349078428521258,-5.40462319739397
401,-2.04473667223505,-2.356124332426264,5800.0,5800.0,-11.90646198679725,-12.203751699769652,-4.260149266312159,-7.943602433457493,-7.646312720485091,0.29728971297240214,-3.742504933533101
402,-1.98491142150751,-2.356124332426264,5800.0,5800.0,-11.858821235047404,-12.203840135790639,-4.2457300405298355,-7.958110095260803,-7.613091194517569,0.34501890074323427,-4.335437643024054
403,-1.9250861707799705,-2.356124332426264,5800.0,5800.0,-11.879821493849159,-12.21419862581634,-4.256681244490169,-7.957517381326172,-7.62314024935899,0.334377131967182,-4.202028295305538
404,-1.8652609200524304,-2.356124332426264,5800.0,5800.0,-11.883753107515696,-12.335475662620457,-4.269179333228199,-8.066296329392259,-7.614573774287497,0.45172255510476145,-5.6001234849104
405,-1.80543566932489,-2.356124332426264,5800.0,5800.0,-11.906824125043542,-12.31258895365001,-4.228178014755249,-8.084410938894761,-7.678646110288293,0.40576482860646834,-5.019101968880634
406,-1.7456104185973502,-2.356124332426264,5800.0,5800.0,-11.973416665655362,-12.251561892764501,-4.056799370304263,-8.194762522460238,-7.9166172953511,0.278145227109138,-3.394182886286167
407,-2.1383095002960744,-2.2686874275167828,5800.0,5800.0,-11.77433681599665,-12.061309695494803,-4.099224795005885,-7.962084900488918,-7.675112020990765,0.286972879498153,-3.6042428972407863
408,-2.0999599805989333,-2.2686874275167828,5800.0,5800.0,-11.795512116223968,-12.083441904241388,-4.103990015895974,-7.979451888345414,-7.691522100327994,0.2879297880174203,-3.6083905517114943
409,-2.061610460901792,-2.2686874275167828,5800.0,5800.0,-11.750825614513753,-12.089387931489798,-4.091327611004342,-7.998060320485456,-7.659498003509411,0.338562316976045,-4.2330553085338
410,-2.023260941204651,-2.2686874275167828,5800.0,5800.0,-11.71282549977946,-12.109574242354185,-4.094104672832068,-8.015469569522118,-7.618720826947391,0.3967487425747267,-4.949787896186609
411,-1.98491142150751,-2.2686874275167828,5800.0,5800.0,-11.708098650722533,-12.050280930655344,-4.06785809245206,-7.982422838203283,-7.640240558270473,0.3421822799328105,-4.28669699499194
412,-1.946561901810369,-2.2686874275167828,5800.0,5800.0,-11.710178858600557,-12.088085176042942,-4.065819082245369,-8.022266093797572,-7.644359776355188,0.3779063174423847,-4.710717807460457
413,-1.908212382113228,-2.2686874275167828,5800.0,5800.0,-11.658388183176893,-12.11323407309396,-4.05652359051109,-8.056710482582869,-7.601864592665803,0.454845889917066,-5.645553366977247
414,-1.8713968432039727,-2.2686874275167828,5800.0,5800.0,-11.702527264052746,-12.097489129763574,-4.045618214469025,-8.051870915294549,-7.656909049583721,0.3949618657108278,-4.905218549400696
415,-1.833047323506832,-2.2686874275167828,5800.0,5800.0,-11.708522464001495,-12.092363347183284,-0.9900047845823231,-11.10235856260096,-10.718517679419172,0.38384088318178833,-3.4572913585657568
416,-1.3084258940499425,-0.872764910540849,5800.0,5800.0,-8.655289488511617,-9.072074663479796,-1.0078417976983474,-8.064232865781449,-7.647447690813269,0.41678517496817946,-5.16831770492024
417,-1.2700763743528012,-0.872764910540849,5800.0,5800.0,-8.778349432464863,-8.848534956931076,-1.0266258366724,-7.821909120258676,-7.751723595792463,0.07018552446621307,-0.897294041481934
418,-1.233260835443546,-0.872764910540849,5800.0,5800.0,-8.694417331667266,-8.860590611158779,-1.0096127668449797,-7.8509778443138,-7.6848045648222865,0.16617327949151317,-2.116593407684457
419,-1.1949113157464049,-0.872764910540849,5800.0,5800.0,-8.663057026353854,-8.801562666707225,-1.0331406446029163,-7.768422022104309,-7.629916381750938,0.13850564035337065,-1.782931462261782
420,-1.1565617960492638,-0.872764910540849,5800.0,5800.0,-8.70578132748837,-8.856587985157967,-1.048681990797071,-7.807905994360896,-7.657099336691299,0.15080665766959633,-1.931460980428215
421,-1.1182122763521227,-0.872764910540849,5800.0,5800.0,-8.88883509981406,-9.02463751677792,-1.0674309876122987,-7.957206529165622,-7.821404112201761,0.13580241696386075,-1.7066594472080487
422,-1.079862756654982,-0.872764910540849,5800.0,5800.0,-8.941365861614932,-8.899340858300361,-1.0652470464169668,-7.8340938118833945,-7.876118815197965,-0.0420250033145706,0.5364373254099106
423,-1.041513236957841,-0.872764910540849,5800.0,5800.0,-8.922574285752264,-8.88285803248485,-1.1237317046693838,-7.759126327815466,-7.79884258108288,-0.03971625326741446,0.5118650166196782
424,-1.0031637172607,-0.872764910540849,5800.0,5800.0,-8.875873735344799,-8.881490046647993,-0.9112294481229963,-7.970260598524997,-7.964644287221803,0.005616311303194621,-0.07046584278855317
425,-1.395862798959424,-0.7853280056313676,5800.0,5800.0,-8.594595229387936,-8.644477749812628,-0.9069392393898753,-7.737538510422753,-7.687655989998061,0.04988252042469199,-0.6446820310813106
426,-1.336037548231884,-0.7853280056313676,5800.0,5800.0,-8.52845430113782,-8.64247086897153,-0.9172936108898047,-7.725177258081726,-7.611160690248016,0.11401656783371017,-1.4759087594324294
427,-1.276212297504344,-0.7853280056313676,5800.0,5800.0,-8.422546456445808,-8.734320498310037,-0.9264768894780085,-7.807843608832028,-7.496069566967799,0.3117740418642292,-3.993087688277446
428,-1.216387046776804,-0.7853280056313676,5800.0,5800.0,-8.673541245966836,-8.816458506950203,-0.9240923605863173,-7.892366146363886,-7.749448885380519,0.1429172609833671,-1.8108290762613808
429,-1.1565617960492638,-0.7853280056313676,5800.0,5800.0,-8.614346100562363,-8.681236765511201,-0.9584830281407597,-7.722753737370441,-7.655863072421603,0.06689066494883811,-0.8661504331693742
430,-1.0967365453217242,-0.7853280056313676,5800.0,5800.0,-8.54449781565078,-8.728063596431175,-0.969170419812926,-7.758893176618249,-7.575327395837855,0.18356578078039476,-2.3658758614383038
431,-1.036911294594184,-0.7853280056313676,5800.0,5800.0,-8.726993662265539,-8.792348998849773,-0.971711130820611,-7.820637868029162,-7.755282531444927,0.06535533658423454,-0.8356778268868291
432,-0.9755520630787582,-0.7853280056313676,5800.0,5800.0,-8.672595734540591,-8.826194067530617,-0.9651999344924305,-7.8609941330381865,-7.707395800048161,0.15359833299002545,-1.9539301313619146
433,-0.915726812351218,-0.7853280056313676,5800.0,5800.0,-8.902259925060998,-8.834619440114837,-0.8475510750955135,-7.987068365019324,-8.054708849965484,-0.06764048494616048,0.8468749966183223
434,-1.4832997038689055,-0.697891100721886,5800.0,5800.0,-8.414726478274874,-8.788354790470683,-0.7705524329873074,-8.017802357483376,-7.644174045287566,0.3736283121958097,-4.65998406467435
435,-1.4066006644746234,-0.697891100721886,5800.0,5800.0,-8.432983592773235,-8.576730289914538,-0.7567383039345276,-7.81999198598001,-7.676245288838707,0.14374669714130306,-1.8381949418748484
436,-1.331435605868227,-0.697891100721886,5800.0,5800.0,-8.36872964865683,-8.626411228337972,-0.8043379540456118,-7.82207327429236,-7.564391694611218,0.257681579681142,-3.2942874688738293
437,-1.254736566473945,-0.697891100721886,5800.0,5800.0,-8.383403420775673,-8.425748140894218,-0.7814093175621075,-7.64433882333211,-7.601994103213566,0.04234472011854429,-0.5539356783780882
438,-1.1780375270796628,-0.697891100721886,5800.0,5800.0,-8.293067493587442,-8.413237196093426,-0.7716804591806508,-7.641556736912776,-7.521387034406791,0.12016970250598469,-1.5725814339047073
439,-1.101338487685381,-0.697891100721886,5800.0,5800.0,-8.548918646810217,-8.701868282687602,-0.814607841294081,-7.887260441393521,-7.734310805516135,0.15294963587738586,-1.9391984962824775
440,-1.024639448291099,-0.697891100721886,5800.0,5800.0,-8.548221379622673,-8.662067913638495,-0.8227412449416673,-7.8393266686968275,-7.725480134681005,0.11384653401582234,-1.4522488834458491
441,-0.9494743896847022,-0.697891100721886,5800.0,5800.0,-8.447086338865205,-8.570605668064973,-0.8033521284819762,-7.767253539582996,-7.643734210383228,0.12351932919976782,-1.5902574644988252
442,-0.8727753502904205,-0.697891100721886,5800.0,5800.0,-8.747660546522182,-8.679439097503852,-0.6823329353046583,-7.997106162199194,-8.065327611217523,-0.0682214490183286,0.8530766959278154
443,-1.527785146717589,-0.6104541958124046,5800.0,5800.0,-8.143827330050488,-8.488312243427531,-0.6715335246793173,-7.816778718748214,-7.472293805371171,0.3444849133770429,-4.40699328677183
444,-1.4449501841717645,-0.6104541958124046,5800.0,5800.0,-8.102698830791157,-8.473172449603029,-0.6483832595384754,-7.824789190064553,-7.454315571252682,0.3704736188118716,-4.734614694569365
445,-1.3636492024138254,-0.6104541958124046,5800.0,5800.0,-8.07448872571051,-8.272361079398832,-0.6422230466841591,-7.630138032714673,-7.43226567902635,0.19787235368832334,-2.593299791431476
446,-1.2823482206558867,-0.6104541958124046,5800.0,5800.0,-8.150305829216538,-8.342043718697195,-0.6599513577882199,-7.682092360908975,-7.490354471428319,0.19173788948065607,-2.4959071106243362
447,-1.1995132581100618,-0.6104541958124046,5800.0,5800.0,-8.106322388234103,-8.42000814681864,-0.6553612016433354,-7.764646945175304,-7.450961186590767,0.31368575858453696,-4.039923010014653
448,-1.1182122763521227,-0.6104541958124046,5800.0,5800.0,-8.219281812866187,-8.554204835571367,-0.642020117761225,-7.912184717810142,-7.577261695104962,0.3349230227051798,-4.233003078799158
449,-1.036911294594184,-0.6104541958124046,5800.0,5800.0,-8.251353795411157,-8.459875617037175,-0.6841104823938338,-7.775765134643342,-7.567243313017324,0.20852182162601807,-2.6816887858018172
450,-0.9540763320483592,-0.6104541958124046,5800.0,5800.0,-8.244631555242085,-8.468331862194269,-0.6887781014623716,-7.779553760731897,-7.555853453779713,0.22370030695218368,-2.8754902123221275
451,-0.8727753502904205,-0.6104541958124046,5800.0,5800.0,-8.59383776366547,-8.417314546440034,-0.6137384606083768,-7.803576085831657,-7.980099303057092,-0.1765232172254354,2.2620810674984613
452,-1.613688070839185,-0.5230172909029229,5800.0,5800.0,-8.131176659512697,-8.363402494207605,-0.5732483746892736,-7.7901541195183315,-7.557928284823423,0.23222583469490843,-2.9810172062329756
453,-1.5155133004145038,-0.5230172909029229,5800.0,5800.0,-7.925088075826106,-8.199185011271911,-0.5381997514381521,-7.660985259833759,-7.386888324387954,0.2740969354458054,-3.5778287798422577
454,-1.4173385299898231,-0.5230172909029229,5800.0,5800.0,-7.9388175864164,-8.43454469701626,-0.5860891220593183,-7.848455574956942,-7.352728464357082,0.4957271105998604,-6.316237709004042
455,-1.319163759565142,-0.5230172909029229,5800.0,5800.0,-7.9898105301281825,-8.293950008646247,-0.5936164816064017,-7.700333527039845,-7.396194048521781,0.30413947851806444,-3.949692275666681
456,-1.2209889891404608,-0.5230172909029229,5800.0,5800.0,-7.842346405908524,-8.445199104504141,-0.6001954766840715,-7.84500362782007,-7.242150929224453,0.6028526985956173,-7.68454327360375
457,-1.1228142187157797,-0.5230172909029229,5800.0,5800.0,-7.983848209277161,-8.325771585539664,-0.6080492726385253,-7.717722312901139,-7.375798936638636,0.34192337626250335,-4.430366400860726
458,-1.024639448291099,-0.5230172909029229,5800.0,5800.0,-8.101816433770104,-8.372247261843508,-0.5955268057106567,-7.776720456132852,-7.506289628059447,0.2704308280734047,-3.477440517488814
459,-0.9264646778664178,-0.5230172909029229,5800.0,5800.0,-8.171085065811988,-8.296538793754776,-0.6178210476814409,-7.6787177460733345,-7.553264018130547,0.1254537279427872,-1.6337848595482034
460,-0.8282899074417367,-0.5230172909029229,5800.0,5800.0,-8.279788050934231,-8.241371259280328,-0.5529333742404577,-7.68843788503987,-7.726854676693773,-0.038416791653903104,0.49966966278877445
461,-1.613688070839185,-0.4355803859934413,5800.0,5800.0,-8.065375713757424,-8.277053941878156,-0.5281304645557661,-7.74892347732239,-7.537245249201658,0.21167822812073211,-2.7317114272739818
462,-1.5155133004145038,-0.4355803859934413,5800.0,5800.0,-7.7662326308461775,-8.169398065142053,-0.5414480277723865,-7.627950037369667,-7.2247846030737914,0.40316543429587526,-5.285370673913041
463,-1.4173385299898231,-0.4355803859934413,5800.0,5800.0,-7.67045181713572,-8.288202169880874,-0.5232577202634227,-7.764944449617452,-7.147194096872298,0.617750352745154,-7.955631321684319
464,-1.319163759565142,-0.4355803859934413,5800.0,5800.0,-7.687378823431971,-8.232582874678165,-0.5271885744401024,-7.705394300238063,-7.160190248991869,0.545204051246194,-7.075615211921725
465,-1.2209889891404608,-0.4355803859934413,5800.0,5800.0,-7.7561517754496645,-8.071213655177674,-0.5343140766948139,-7.53689957848286,-7.22183769875485,0.3150618797280096,-4.180258426521718
466,-1.1228142187157797,-0.4355803859934413,5800.0,5800.0,-7.868670261858965,-8.216156309821299,-0.5349500056279988,-7.6812063041933,-7.333720256230966,0.3474860479623345,-4.523847351588982
467,-1.024639448291099,-0.4355803859934413,5800.0,5800.0,-7.966900095239386,-8.309598097120013,-0.5244074509828051,-7.785190646137208,-7.442492644256581,0.3426980018806267,-4.401921769901214
468,-0.9264646778664178,-0.4355803859934413,5800.0,5800.0,-8.228103710200173,-8.262908090885096,-0.5420321057465483,-7.720875985138548,-7.686071604453625,0.034804380684922975,-0.45078279656240877
469,-0.8282899074417367,-0.4355803859934413,5800.0,5800.0,-8.380420155530768,-8.234058851704878,-0.4690219558997191,-7.765036895805159,-7.911398199631049,-0.14636130382588952,1.884875832398904
470,-1.6581735136878688,-0.3496774618718454,5800.0,5800.0,-7.915475291921912,-8.204389402863903,-0.41421793282162966,-7.7901714700422735,-7.501257359100283,0.2889141109419908,-3.7087002776900753
471,-1.549260877747988,-0.3496774618718454,5800.0,5800.0,-7.666027513337367,-8.04084342593948,-0.41112494135802097,-7.629718484581459,-7.254902571979346,0.3748159126021129,-4.91257853562436
472,-1.4403482418081075,-0.3496774618718454,5800.0,5800.0,-7.56781426244569,-8.10150767788291,-0.41534350755130867,-7.686164170331602,-7.152470754894382,0.5336934154372202,-6.943559929376257
473,-1.331435605868227,-0.3496774618718454,5800.0,5800.0,-7.696096877628397,-8.139670451482138,-0.4194649421243554,-7.720205509357783,-7.276631935504042,0.4435735738537403,-5.745618731471303
474,-1.2209889891404608,-0.3496774618718454,5800.0,5800.0,-7.652119905738786,-8.119875159463424,-0.4411439852201304,-7.6787311742432935,-7.210975920518655,0.4677552537246381,-6.091569598029761
475,-1.1120763532005804,-0.3496774618718454,5800.0,5800.0,-7.869072404492043,-8.142115484070532,-0.4417421176133157,-7.700373366457216,-7.4273302868787265,0.27304307957848906,-3.545842085630071
476,-1.0031637172607,-0.3496774618718454,5800.0,5800.0,-7.961069694161415,-8.214009544794644,-0.4502381217647958,-7.763771423029848,-7.510831572396619,0.2529398506332292,-3.2579507671095023
477,-0.8942510813208191,-0.3496774618718454,5800.0,5800.0,-8.082078082446985,-8.26816950559,-0.4523609200649763,-7.8158085855250246,-7.6297171623820095,0.18609142314301508,-2.3809618813804976
478,-0.7853384453809387,-0.3496774618718454,5800.0,5800.0,-8.29849084544986,-8.228708128679731,-0.35414540964945795,-7.874562719030273,-7.944345435800402,-0.06978271677012948,0.886178944279499
479,-1.7011249757486666,-0.262240556962364,5800.0,5800.0,-7.599338001571596,-8.061618707245394,-0.3584481807882113,-7.703170526457183,-7.2408898207833845,0.4622807056737983,-6.001174504524554
480,-1.587610397445129,-0.262240556962364,5800.0,5800.0,-7.508103104666893,-8.061104260272911,-0.3661246297518119,-7.694979630521099,-7.141978474915081,0.5530011556060179,-7.186518771441751
481,-1.4725618383537062,-0.262240556962364,5800.0,5800.0,-7.517687559127808,-7.827123548878069,-0.3577031942183815,-7.469420354659687,-7.159984364909426,0.309435989750261,-4.142704186640453
482,-1.357513279262283,-0.262240556962364,5800.0,5800.0,-7.5081244814549395,-8.03148366665018,-0.35882014613874685,-7.672663520511433,-7.1493043353161925,0.5233591851952406,-6.821088710538883
483,-1.2439987009587457,-0.262240556962364,5800.0,5800.0,-7.546968527772825,-8.100084661631552,-0.3671316839657971,-7.732952977665755,-7.179836843807028,0.5531161338587269,-7.1527155985072195
484,-1.1289501418673225,-0.262240556962364,5800.0,5800.0,-7.818196770566181,-8.126276427105918,-0.41037417169694285,-7.715902255408975,-7.407822598869238,0.30807965653973657,-3.99278848204392
485,-1.0139015827758993,-0.262240556962364,5800.0,5800.0,-8.06655494492604,-8.267330426746392,-0.42097943787042763,-7.846350988875964,-7.645575507055612,0.20077548182035265,-2.558838906199822
486,-0.9003870044723619,-0.262240556962364,5800.0,5800.0,-8.023214584216475,-8.12563770159716,-0.4248361400421123,-7.700801561555048,-7.598378444174363,0.10242311738068466,-1.3300319007311496
487,-0.7853384453809387,-0.262240556962364,5800.0,5800.0,-8.200535568846831,-8.125375741152087,-0.37236775798289146,-7.753007983169196,-7.82816781086394,-0.07515982769474405,0.9694279672858144
488,-1.7456104185973502,-0.1748036520528824,5800.0,5800.0,-7.643686362635453,-7.997488201890953,-0.35656422017684436,-7.640923981714109,-7.287122142458609,0.35380183925550046,-4.6303541312831005
489,-1.62595991714227,-0.1748036520528824,5800.0,5800.0,-7.558815062631099,-7.898394831492027,-0.3185901743150717,-7.579804657176955,-7.2402248883160265,0.33957976886092833,-4.480059635038173
490,-1.5047754348993043,-0.1748036520528824,5800.0,5800.0,-7.364503183822542,-8.025615546650412,-0.3386197282827744,-7.686995818367638,-7.025883455539768,0.6611123628278701,-8.60039966781535
491,-1.3851249334442244,-0.1748036520528824,5800.0,5800.0,-7.253171803800507,-7.888588087402121,-0.3565048127944025,-7.532083274607718,-6.8966669910061045,0.6354162836016135,-8.43612929431807
492,-1.2654744319891449,-0.1748036520528824,5800.0,5800.0,-7.4465100450055965,-8.026084394589839,-0.3779873789661018,-7.648097015623737,-7.068522666039494,0.5795743495842425,-7.578020367684569
493,-1.1458239305340645,-0.1748036520528824,5800.0,5800.0,-7.674329349359001,-8.083662919865372,-0.3932169687545477,-7.690445951110824,-7.281112380604453,0.4093335705063712,-5.322624632024704
494,-1.024639448291099,-0.1748036520528824,5800.0,5800.0,-8.043167682959261,-8.151973131388027,-0.39283307686324653,-7.759140054524781,-7.650334606096014,0.10880544842876638,-1.4022874656749615
495,-0.9049889468360188,-0.1748036520528824,5800.0,5800.0,-8.145553281745435,-8.21145174141785,-0.43839615253124603,-7.773055588886604,-7.707157129214189,0.06589845967241459,-0.8477806303949738
496,-0.7853384453809387,-0.1748036520528824,5800.0,5800.0,-8.225327477102613,-8.260856600224512,-0.34365212960382585,-7.917204470620686,-7.8816753474987875,0.03552912312189882,-0.448758438079261
497,-1.833047323506832,-0.0873667471434007,5800.0,5800.0,-7.729571693860851,-7.963838947948656,-0.33652374729807716,-7.627315200650579,-7.393047946562774,0.23426725408780502,-3.071424845112248
498,-1.7072608989002092,-0.0873667471434007,5800.0,5800.0,-7.494508125236101,-8.043320695059354,-0.3165935173449745,-7.72672717771438,-7.177914607891127,0.5488125698232524,-7.102781775525237
499,-1.581474474293587,-0.0873667471434007,5800.0,5800.0,-7.439160422671823,-8.045101345136747,-0.33792420999956085,-7.707177135137186,-7.101236212672262,0.6059409224649235,-7.862034462688366
500,-1.4556880496869642,-0.0873667471434007,5800.0,5800.0,-7.268680571116591,-7.962845470486175,-0.3512430326199013,-7.611602437866273,-6.9174375384966895,0.6941648993695839,-9.119826016086254
501,-1.331435605868227,-0.0873667471434007,5800.0,5800.0,-7.3598514084490185,-8.124769427559592,-0.35071478646513043,-7.7740546410944615,-7.009136621983888,0.7649180191105733,-9.839370244031178
502,-1.2056491812616046,-0.0873667471434007,5800.0,5800.0,-7.688272367535668,-8.195106721701427,-0.3355794512843134,-7.8595272704171135,-7.352692916251355,0.5068343541657585,-6.448662072507323
503,-1.079862756654982,-0.0873667471434007,5800.0,5800.0,-7.9579381650244745,-8.256946220088055,-0.3766163275299202,-7.8803298925581355,-7.581321837494555,0.29900805506358097,-3.7943596161621613
504,-0.9540763320483592,-0.0873667471434007,5800.0,5800.0,-8.208595721313225,-8.120129733250058,-0.3591074107885765,-7.761022322461482,-7.849488310524649,-0.08846598806316663,1.1398754492321677
